Source,SS,ddof1,ddof2,MS,F,p-unc,p-GG-corr,n2,eps
task,106087.30699210038,5,140,21217.461398420077,11.532370962521746,2.451437467237929e-09,2.0385235655686017e-07,0.20527064086398616,0.7374227474780964
context,20747.303364905067,1,28,20747.303364905067,25.50922728453723,2.4145732663545298e-05,2.4145732663545298e-05,0.04014440915378053,1.0
task * context,15959.738442041238,5,140,3191.947688408248,4.770468225074342,0.0004678151984969658,0.0019972516261038287,0.030880845512115302,0.7296363475219497
