Source,SS,ddof1,ddof2,MS,F,p-unc,p-GG-corr,n2,eps
task,1256521.4364891606,5,325,251304.28729783214,26.577899651008558,1.6176015139535053e-22,1.0686230709846176e-20,0.24548687836268998,0.9095179408769447
context,133975.54924784848,1,65,133975.54924784848,60.85660450065255,6.586218557088482e-11,6.586218557088482e-11,0.02617483347811144,1.0
task * context,12937.333169930702,5,325,2587.4666339861406,1.6853745988112976,0.13759167887615406,0.16968975439920164,0.002527569719063659,0.619536859322419
