Source,SS,ddof1,ddof2,MS,F,p-unc,p-GG-corr,n2,eps
task,164071.4616873761,5,130,32814.29233747522,2.6201685117462197,0.02716683836458422,0.040958678853115174,0.04312836756674897,0.774673138546067
context,18107.326245743865,2,52,9053.663122871933,1.613233820683556,0.20905377633449304,0.21558649153799297,0.004759751720049244,0.6983127863622541
task * context,17402.54527852286,10,260,1740.254527852286,0.2685639210479106,0.9873991821982967,0.8971907480691508,0.004574490661875255,0.398972037924212
