Source,SS,ddof1,ddof2,MS,F,p-unc,p-GG-corr,n2,eps
task,3974388.49573935,5,320,794877.6991478701,52.975751270329944,5.887403953143862e-40,2.7043858245150015e-35,0.427198000067619,0.8752397509428972
context,42012.4809925721,1,64,42012.4809925721,34.580013205181324,1.6207093151275334e-07,1.6207093151275334e-07,0.004515826240224379,1.0
task * context,55139.26998403743,5,320,11027.853996807487,10.00732732464085,6.52568053773876e-09,5.562384568796924e-05,0.005926794999437343,0.4309058852801674
