Source,SS,ddof1,ddof2,MS,F,p-unc,p-GG-corr,n2,eps
task,0.49002361915927667,5,265,0.09800472383185534,20.694353949902098,1.9159478768344758e-17,1.7689789529834047e-13,0.15096316335100488,0.7384629756467239
context,0.14759683225671064,1,53,0.14759683225671064,35.35510385970337,2.206321238780125e-07,2.206321238780125e-07,0.045470634122267206,1.0
task * context,0.031332828108838556,5,265,0.006266565621767711,1.5086069477343773,0.18734520884791472,0.21283903126044587,0.009652805830377914,0.6233347643022783
