Source,SS,ddof1,ddof2,MS,F,p-unc,p-GG-corr,n2,eps
task,1952223.1150684082,5,320,390444.6230136816,34.37826846558136,4.316458717798929e-28,3.55017465133264e-26,0.31656889844056196,0.9252246947936407
context,191425.53942817042,1,64,191425.53942817042,126.41426208414023,8.515488102179873e-17,8.515488102179873e-17,0.031041212288915446,1.0
task * context,15293.460218584514,5,320,3058.692043716903,3.538301986038186,0.003964646765665492,0.019635617360530676,0.002479959292241146,0.5372978242136673
