Source,SS,ddof1,ddof2,MS,F,p-unc,p-GG-corr,n2,eps
task,413920.7952840085,5,170,82784.1590568017,7.255906691122888,3.4847553380200057e-06,7.777891225357871e-05,0.06338994580522342,0.6863799585545929
context,13955.538837369291,2,68,6977.769418684646,0.7757007414150112,0.4644114535842301,0.4476061692157759,0.002137222533061043,0.8625102410955295
task * context,158893.64838652406,10,340,15889.364838652406,1.592811147274885,0.10707166105602235,0.18952243935362215,0.02433378529122941,0.33856572243116584
