Source,SS,ddof1,ddof2,MS,F,p-unc,p-GG-corr,n2,eps
task,138004.146662395,5,135,27600.829332479003,7.614609400031192,2.4896879455477676e-06,0.00011838024873371586,0.12549900219962956,0.6235106188917995
context,14836.380244919479,1,27,14836.380244919479,3.9162999996230745,0.058102393570733754,0.058102393570733754,0.013491992538069555,1.0
task * context,41447.31565088709,5,135,8289.463130177417,3.5669811052783302,0.004625359249272466,0.008790371004675281,0.037691597563110114,0.8064796986700475
