Source,SS,ddof1,ddof2,MS,F,p-unc,p-GG-corr,n2,eps
task,410956.2963844928,5,290,82191.25927689855,7.444023984101091,1.3743504018836545e-06,4.7335998576447584e-05,0.0551600841408836,0.6705926763782637
context,8192.256574387478,2,116,4096.128287193739,0.6245234373467036,0.5373073204562746,0.4601363731862891,0.0010995951781795643,0.6011397721287358
task * context,15824.744832045059,10,580,1582.4744832045058,0.3006837792433695,0.9809564181393272,0.8717111091978779,0.002124056168802276,0.3870706936584153
