,DC!=0,DE!=0,DE!=DC,cued_task_switching!=0,directed_forgetting!=0,flanker!=0,predictable_task_switching!=0,n_back!=0,shape_matching!=0,cued_task_switching: DC!=0,cued_task_switching: DE!=0,directed_forgetting: DC!=0,directed_forgetting: DE!=0,flanker: DC!=0,flanker: DE!=0,predictable_task_switching: DC!=0,predictable_task_switching: DE!=0,n_back: DC!=0,n_back: DE!=0,shape_matching: DC!=0,shape_matching: DE!=0,cued_task_switching: DE!=DC,directed_forgetting: DE!=DC,flanker: DE!=DC,predictable_task_switching: DE!=DC,n_back: DE!=DC,shape_matching: DE!=DC
mean,3.7414538697789332,17.031434093401533,13.289980223622598,-2.7130008463774504,0.9810788849337128,-5.337492990452479,9.534623485761191,54.34690630646944,5.506549049206983,-1.6056903072665467,-3.82031138548835,2.8191287569392323,-0.8569709870718089,-8.390557969186814,-2.2844280117181466,-1.3717346803203514,20.440981651842737,24.8216044190873,83.87220819385155,6.175972999420776,4.837125098993196,-2.214621078221807,-3.6760997440110406,6.106129957468669,21.81271633216309,59.05060377476427,-1.3388479004275777
t,0.4023348357621475,1.9896983672848982,1.9789643755315773,-0.2812618232398019,0.09221083156032786,-0.7071686603227091,0.9965051042190091,3.47384150523387,0.4726686088749077,-0.14184821249983418,-0.3556874485976161,0.22628799100701993,-0.0718709622304797,-0.7739431542061326,-0.2512084463571016,-0.1325527450515226,1.7565812724769072,1.4432687638553112,4.302424096714669,0.4224708335874582,0.39811311725587484,-0.20666714176324208,-0.3085297874469475,0.46479154553947316,2.001034667838017,3.0592257298051626,-0.09985239373793264
p,0.6906052141668764,0.056840647305826775,0.05810239357073346,0.7806538955028401,0.9272113177019221,0.4855209837247816,0.3278522847160664,0.0017470202337473678,0.6402482029718892,0.8882530454336239,0.7248386317063642,0.82268181361676,0.9432343493864568,0.4456886646503695,0.8035550113369254,0.8955300373742752,0.09032693585512472,0.16044767224658632,0.0001980184758688063,0.6760268941412284,0.6936773795359068,0.8378204543846619,0.7600472141489779,0.6458073409354744,0.05553430178595201,0.004966724843368968,0.9211992420044692
