,DC!=0,DE!=0,DE!=DC,cued_task_switching!=0,directed_forgetting!=0,flanker!=0,predictable_task_switching!=0,n_back!=0,shape_matching!=0,cued_task_switching: DC!=0,cued_task_switching: DE!=0,directed_forgetting: DC!=0,directed_forgetting: DE!=0,flanker: DC!=0,flanker: DE!=0,predictable_task_switching: DC!=0,predictable_task_switching: DE!=0,n_back: DC!=0,n_back: DE!=0,shape_matching: DC!=0,shape_matching: DE!=0,cued_task_switching: DE!=DC,directed_forgetting: DE!=DC,flanker: DE!=DC,predictable_task_switching: DE!=DC,n_back: DE!=DC,shape_matching: DE!=DC
mean,-25.33332393413039,-10.655155776123522,14.678168158006867,52.516025641025635,-163.11858974358975,-36.618589743589745,39.70833333333333,10.534560869238287,-10.987179487179494,44.266025641025635,60.766025641025635,-162.23397435897436,-164.00320512820514,-49.92628205128206,-23.310897435897434,22.88141025641026,56.53525641025641,17.18915895932025,3.879962779156329,-24.17628205128205,2.2019230769230766,16.5,-1.7692307692307692,26.615384615384617,33.65384615384615,-13.309196180163918,26.378205128205135
t,-1.6993562728544445,-0.6910660466983047,5.880477293994197,2.8738091062014806,-8.93005180593788,-2.240788714465921,2.450069620987614,0.540269062746714,-0.5710978553243377,2.411121878215525,3.2946538182980287,-8.828570338004491,-8.994337462414613,-3.109209550722301,-1.3858829574834346,1.4003509126064528,3.4365467533612,0.8097366551810969,0.20073740734525147,-1.2872815027325466,0.11064785718020696,3.815161280597056,-0.7414865372266678,7.295422465453223,6.786846816903418,-1.1780039864518066,6.40235055028291
p,0.09410825167993449,0.49202310694360174,1.62070931512755e-07,0.00549798397768921,7.4933261473761e-13,0.028517282751496564,0.017028242245531813,0.5908866934551944,0.5699333732978025,0.01878459528514747,0.001608802313924057,1.1275075854386854e-12,5.786358306429644e-13,0.002799225533487779,0.17059288707128964,0.16623779723808532,0.0010400091597679505,0.4210920113795734,0.8415404765063598,0.2026322110319105,0.9122418514844219,0.0003090582569308618,0.4611107811856897,5.627882091211314e-10,4.395784796435024e-09,0.24315677208254532,2.0542709547036496e-08
