,DC!=0,DE!=0,DE!=DC,cued_task_switching!=0,directed_forgetting!=0,flanker!=0,predictable_task_switching!=0,n_back!=0,shape_matching!=0,cued_task_switching: DC!=0,cued_task_switching: DE!=0,directed_forgetting: DC!=0,directed_forgetting: DE!=0,flanker: DC!=0,flanker: DE!=0,predictable_task_switching: DC!=0,predictable_task_switching: DE!=0,n_back: DC!=0,n_back: DE!=0,shape_matching: DC!=0,shape_matching: DE!=0,cued_task_switching: DE!=DC,directed_forgetting: DE!=DC,flanker: DE!=DC,predictable_task_switching: DE!=DC,n_back: DE!=DC,shape_matching: DE!=DC
mean,-0.038815210552503275,-0.07952680434540638,-0.040711593792903074,-0.07790896775865928,-0.05086193198040129,-0.006090880558216433,-0.0829154332764691,-0.11818502949396986,-0.019063801626012917,-0.06387222793080614,-0.09194570758651242,-0.0207327087023577,-0.08099115525844491,0.0002668081120540802,-0.012448569228486948,-0.060845789051803476,-0.10498507750113471,-0.07384720926932437,-0.16252284971861541,-0.013860136472782078,-0.024267466779243747,-0.028073479655706265,-0.0602584465560872,-0.012715377340541028,-0.044139288449331245,-0.08867564044929103,-0.010407330306461677
t,-12.420837270401941,-16.99303940130313,-11.805168661436902,-10.88062246325422,-10.502850264088972,-2.3564135039543497,-14.007478314603338,-13.245795273513577,-5.033582048846664,-8.993635319174857,-10.928198811749848,-4.524146398681364,-9.674138710648963,0.10807603557575358,-3.5015373296971184,-10.806707052723128,-13.30500489183265,-7.079105092188431,-13.582080885618927,-3.6635777474955646,-5.418823959450041,-4.592281872756704,-6.409966895424908,-3.8794945757934,-6.386206140169295,-6.50954903232869,-3.0875628995532796
p,7.444353483667192e-18,5.584786950168522e-24,6.079783279370742e-17,1.5574273375460303e-15,6.038015880920273e-15,0.021912917858581436,4.15547127039461e-20,4.817349720725141e-19,5.137390349005147e-06,1.5813622280156833e-12,1.3146656295981889e-15,3.1262131136818445e-05,1.2483441648944272e-13,0.9143149196549659,0.0009063368435087062,2.027569560847344e-15,3.9712679112268673e-19,2.3489497500541904e-09,1.6180886071264062e-19,0.0005466654641142234,1.2590899525713717e-06,2.4655427930801567e-05,3.039358284908476e-08,0.00027379816481728933,3.327195180766315e-08,2.0792455401112556e-08,0.0031148894486299227
