,DC!=0,DE!=0,DE!=DC,cued_task_switching!=0,directed_forgetting!=0,flanker!=0,predictable_task_switching!=0,n_back!=0,shape_matching!=0,cued_task_switching: DC!=0,cued_task_switching: DE!=0,directed_forgetting: DC!=0,directed_forgetting: DE!=0,flanker: DC!=0,flanker: DE!=0,predictable_task_switching: DC!=0,predictable_task_switching: DE!=0,n_back: DC!=0,n_back: DE!=0,shape_matching: DC!=0,shape_matching: DE!=0,cued_task_switching: DE!=DC,directed_forgetting: DE!=DC,flanker: DE!=DC,predictable_task_switching: DE!=DC,n_back: DE!=DC,shape_matching: DE!=DC
mean,-33.21811166447568,-24.870226177233967,8.347885487241715,31.968390804597703,-153.80747126436782,-61.82471264367817,35.63218390804598,-2.253519272255364,-23.979885057471268,22.011494252873565,41.925287356321846,-153.5057471264368,-154.10919540229887,-75.48850574712645,-48.1609195402299,24.339080459770116,46.92528735632183,21.92696219705397,-26.434000741564702,-38.59195402298852,-9.367816091954023,19.913793103448278,-0.603448275862069,27.32758620689655,22.586206896551722,-48.36096293861868,29.224137931034488
t,-1.5713567226830336,-1.1714716994538028,2.274753078232321,1.3029307402820471,-5.0998698391553985,-2.7339826671261336,1.4673078535862822,-0.08360204648464238,-0.922591898570515,0.9077965610222348,1.6652526775404757,-5.042638871983062,-5.140528437968361,-3.4339376815041405,-2.0550129659445733,0.9942620245927675,1.915805303130828,0.7189203437819612,-1.0020800729339945,-1.463141306850194,-0.3610585295792399,3.339793664962565,-0.1699857649077142,6.185523555768024,3.59263041491123,-2.6004907815812857,4.9105269997250245
p,0.12733295889638724,0.25128181387870363,0.03077740504409873,0.20321237985152618,2.1106839114271856e-05,0.010725181205163865,0.1534359001230083,0.9339676907705317,0.3641020728780622,0.3717329824563773,0.10701407139961835,2.46815049209688e-05,1.888694848023493e-05,0.0018711084396219604,0.04931449067610192,0.3286105222181832,0.06565235907591176,0.47814731953606804,0.324886812734681,0.1545646982848635,0.720765728304821,0.002384655464199484,0.8662435925973225,1.1125315133004407e-06,0.001237936357991683,0.014699132386433387,3.5420540600764644e-05
