,DC!=0,DE!=0,DE!=DC,cued_task_switching!=0,directed_forgetting!=0,flanker!=0,predictable_task_switching!=0,n_back!=0,shape_matching!=0,cued_task_switching: DC!=0,cued_task_switching: DE!=0,directed_forgetting: DC!=0,directed_forgetting: DE!=0,flanker: DC!=0,flanker: DE!=0,predictable_task_switching: DC!=0,predictable_task_switching: DE!=0,n_back: DC!=0,n_back: DE!=0,shape_matching: DC!=0,shape_matching: DE!=0,cued_task_switching: DE!=DC,directed_forgetting: DE!=DC,flanker: DE!=DC,predictable_task_switching: DE!=DC,n_back: DE!=DC,shape_matching: DE!=DC
mean,-0.04183379682191618,-0.08169248079843053,-0.03985868397651431,-0.08371387100689853,-0.055669031007149324,-0.005252965930671061,-0.08750511207737552,-0.12213176281808405,-0.016306090020861554,-0.07671056125920592,-0.09071718075459116,-0.03097116547443806,-0.08036689653986058,-0.0009403826896722792,-0.009565549171669845,-0.060972588498558584,-0.11403763565619247,-0.06753728986856218,-0.176726235767606,-0.013870793141060123,-0.018741386900662984,-0.01400661949538526,-0.04939573106542252,-0.008625166481997565,-0.05306504715763387,-0.1091889458990438,-0.004870593759602859
t,-9.614098240586442,-13.712268500013442,-7.661685560228584,-8.360084564719203,-5.331825102683761,-2.0878308580901224,-10.326297533322952,-12.22243112086823,-3.020862991384162,-7.676256683057164,-7.825358139463708,-1.6814616277453116,-8.176747556493522,-0.41673968046248483,-2.9858179464838517,-7.811208713905656,-10.631156996677687,-5.047221699860922,-11.166429908280396,-2.484912601811326,-2.5177166600253944,-1.705727759768983,-2.36646456697594,-3.715184914479879,-6.594545987808166,-5.0927733864356775,-0.6474478650919056
p,2.2779261187430407e-10,6.020272687190182e-14,2.400772512429703e-08,4.2837862530338795e-09,1.1202145270895069e-05,0.04603066939169158,4.7152486520692677e-11,9.64700672719416e-13,0.005334465216810906,2.3144973568889937e-08,1.5939916039855718e-08,0.10379591636492681,6.693690359856115e-09,0.6800464559879413,0.005817811317951162,1.651216467297216e-08,2.4504395489688903e-11,2.4374182955228266e-05,7.983170334197851e-12,0.019203805852164288,0.017810417991653595,0.09912988867898827,0.02511149687432297,0.0008968645296153202,3.7537484535776237e-07,2.1520268919461075e-05,0.522615563213515
