,DC!=0,DE!=0,DE!=DC,cued_task_switching!=0,directed_forgetting!=0,flanker!=0,predictable_task_switching!=0,n_back!=0,shape_matching!=0,cued_task_switching: DC!=0,cued_task_switching: DE!=0,directed_forgetting: DC!=0,directed_forgetting: DE!=0,flanker: DC!=0,flanker: DE!=0,predictable_task_switching: DC!=0,predictable_task_switching: DE!=0,n_back: DC!=0,n_back: DE!=0,shape_matching: DC!=0,shape_matching: DE!=0,cued_task_switching: DE!=DC,directed_forgetting: DE!=DC,flanker: DE!=DC,predictable_task_switching: DE!=DC,n_back: DE!=DC,shape_matching: DE!=DC
mean,15.999273417771127,24.15162365006139,8.152350232290267,19.423687959678986,35.38044468042967,-1.0772236790258671,7.81922756821293,29.380566207403124,29.525988466798687,18.10685501103343,20.740520908324548,30.77929110525965,39.98159825559968,0.08751925794882065,-2.2419666160005556,1.8422999083160536,13.796155228109804,18.491135594098704,40.26999682070756,26.688539629970073,32.36343730362729,2.6336658972911087,9.202307150340038,-2.329485873949376,11.953855319793753,21.77886122660886,5.674897673657213
t,3.114261716863781,4.582547751358929,2.3410473562925236,2.531986473048739,4.150242943177439,-0.22534448096409582,1.2787633013826951,3.6998892624149717,4.744806714817046,2.1561671298669265,2.540668008603853,3.0216021104150594,3.836972573449922,0.01599790793282839,-0.4232524088700634,0.2768400022725327,2.0076060332441275,2.0601836171536085,3.7084445505340806,4.104070945477541,4.847631886169567,0.4221102743494071,0.7949989076292633,-0.4699935535182556,2.0665059347613695,1.8103807983436995,1.3079468923246336
p,0.00299738908919492,2.9110466454415428e-05,0.023098676855034143,0.014401710801274881,0.00012347646090353362,0.8225945816589396,0.20665811980410836,0.0005212961161627679,1.6703373894121074e-05,0.03571750107738685,0.014088302525095289,0.0038949773401044563,0.0003389331288754254,0.9872972851828101,0.6738565650268811,0.7830004590615841,0.04989455819397031,0.04440120457353048,0.0005075856508366697,0.00014359596072881646,1.1708909358935185e-05,0.6746846897683404,0.43022792701356327,0.6403247898642392,0.043777383410151825,0.07601639747717936,0.19664407002159562
