Source,SS,ddof1,ddof2,MS,F,p-unc,p-GG-corr,n2,eps
task,352817.2158607959,5,135,70563.44317215918,7.632063409658597,2.4124321929365595e-06,4.375797991379505e-05,0.10980337395783737,0.7176494893556981
context,7259.555312292296,2,54,3629.777656146148,0.9899061577169977,0.3782532667498447,0.3463150682548346,0.002259310574679386,0.6288963089891079
task * context,23850.83630415705,10,270,2385.0836304157046,0.46560935862111963,0.9112365743548272,0.7445470060368296,0.007422830236679291,0.3663348594384865
