Source,SS,ddof1,ddof2,MS,F,p-unc,p-GG-corr,n2,eps
task,942223.0860631736,5,305,188444.6172126347,62.23814333083099,1.3799710086008427e-44,1.4486521919111696e-33,0.3981563821590875,0.7375209200528107
context,11499.122713451305,1,61,11499.122713451305,8.505487777760194,0.0049485219125022665,0.0049485219125022665,0.004859198596715543,1.0
task * context,21507.51513824644,5,305,4301.503027649288,3.4051509243996274,0.005217048206782004,0.010146487100354555,0.00908845744000573,0.7912356497485585
