,DC!=0,DE!=0,DE!=DC,cued_task_switching!=0,directed_forgetting!=0,flanker!=0,predictable_task_switching!=0,n_back!=0,shape_matching!=0,cued_task_switching: DC!=0,cued_task_switching: DE!=0,directed_forgetting: DC!=0,directed_forgetting: DE!=0,flanker: DC!=0,flanker: DE!=0,predictable_task_switching: DC!=0,predictable_task_switching: DE!=0,n_back: DC!=0,n_back: DE!=0,shape_matching: DC!=0,shape_matching: DE!=0,cued_task_switching: DE!=DC,directed_forgetting: DE!=DC,flanker: DE!=DC,predictable_task_switching: DE!=DC,n_back: DE!=DC,shape_matching: DE!=DC
mean,0.6666666666666666,0.7068965517241379,0.04022988505747125,1.1551724137931034,0.39655172413793105,0.7068965517241379,0.7758620689655172,0.8793103448275862,0.20689655172413793,0.7586206896551724,1.5517241379310345,0.5172413793103449,0.27586206896551724,0.6896551724137931,0.7241379310344828,0.6551724137931034,0.896551724137931,1.3448275862068966,0.41379310344827586,0.034482758620689655,0.3793103448275862,0.7931034482758621,-0.2413793103448276,0.034482758620689655,0.2413793103448276,-0.9310344827586207,0.3448275862068966
t,2.390246966923039,2.5985179108144045,0.17611605507473987,1.5882435140943012,1.8285422038941626,1.2450402195117305,1.6604148685610467,1.4992128049838331,1.099378503303198,1.446599386083504,1.6307895853450234,1.6352442536514753,1.491081842835845,1.2136346218140162,1.2656903164544555,1.492123224824838,1.7436037944721428,1.1972302445567526,1.5346466000079264,0.19665714619400756,1.6915928843804253,1.6030418690306785,-0.8511126949057793,0.3281650616569468,1.1917591430622483,-0.818799668776908,2.41522945769824
p,0.023806427862541946,0.014767015837916328,0.8614703650699078,0.12346095783672911,0.0781401712811281,0.22343671576804958,0.10799057871314474,0.14500989696346314,0.28096606756341347,0.15911196203770794,0.11413377847295121,0.1131919118191168,0.14712098608207386,0.23502575485597038,0.21605474620754497,0.1468492303575111,0.09220025101274511,0.24125484052631146,0.13609410054640997,0.8455163165797008,0.10182590011961977,0.12014796508787559,0.4019271730950381,0.7452283522560339,0.24335935513241547,0.41981530931214406,0.02250252807236288
