Source,SS,ddof1,ddof2,MS,F,p-unc,p-GG-corr,n2,eps
task,166257.67601653608,5,140,33251.53520330721,11.361675528978964,3.2689169913428913e-09,2.4611475505797534e-07,0.19004231544650108,0.7390224005572416
context,8997.174535580896,1,28,8997.174535580896,4.860136161601449,0.03586890727376947,0.03586890727376947,0.010284300383508485,1.0
task * context,19492.415989918096,5,140,3898.483197983619,2.4974889567315635,0.03359773819983204,0.05772705199801708,0.022280979483930693,0.6726925202876209
