Source,SS,ddof1,ddof2,MS,F,p-unc,p-GG-corr,n2,eps
task,209213.0233420592,5,300,41842.60466841184,30.013459125039297,1.0365335245240099e-24,5.3991156265378365e-22,0.23363822580575988,0.8780878317047465
context,41439.147177207065,1,60,41439.147177207065,62.22352603647268,7.603791031657546e-11,7.603791031657546e-11,0.046277084813964565,1.0
task * context,21269.3922758524,5,300,4253.878455170479,7.718473398744705,7.600404722248643e-07,1.868364254031248e-05,0.02375255132741956,0.7163993378225872
