,DC!=0,DE!=0,DE!=DC,cued_task_switching!=0,directed_forgetting!=0,flanker!=0,predictable_task_switching!=0,n_back!=0,shape_matching!=0,cued_task_switching: DC!=0,cued_task_switching: DE!=0,directed_forgetting: DC!=0,directed_forgetting: DE!=0,flanker: DC!=0,flanker: DE!=0,predictable_task_switching: DC!=0,predictable_task_switching: DE!=0,n_back: DC!=0,n_back: DE!=0,shape_matching: DC!=0,shape_matching: DE!=0,cued_task_switching: DE!=DC,directed_forgetting: DE!=DC,flanker: DE!=DC,predictable_task_switching: DE!=DC,n_back: DE!=DC,shape_matching: DE!=DC
mean,0.0046353075687753115,0.004482570282411637,-0.00015273728636367448,0.010378787878787881,0.005719696969696972,0.0001515151515151517,0.0033333333333333353,0.006330906280833567,0.0014393939393939391,0.011628787878787879,0.00912878787878788,0.005265151515151515,0.006174242424242424,0.00026515151515151556,3.787878787878831e-05,0.0039015151515151537,0.002765151515151517,0.0053497242005306495,0.007312088361136481,0.0014015151515151514,0.0014772727272727268,-0.0024999999999999996,0.000909090909090909,-0.00022727272727272735,-0.0011363636363636363,0.0019623641606058323,7.575757575757574e-05
t,3.0475681674408808,2.7778275069488654,-0.15254025350356382,1.6511517664451802,2.443158158317989,0.17385827633992362,2.1576376991636748,3.5432939801321446,1.4274928542926593,1.7961339986558689,1.4535813004449465,1.9405006516838232,2.63608987065438,0.2803490962260582,0.037532268164143394,2.2595713750135915,1.6354672789998803,1.8168659941902823,3.1313666815419103,1.2471910112359554,1.407936461594089,-1.1566494014340902,0.4680458707431095,-0.25599605579485846,-0.7780624434576461,0.49883057763886807,0.0932204629636609
p,0.003566687968386554,0.007509983505189351,0.8793293853838176,0.10451219486528854,0.017859679896580515,0.8626269734306244,0.035422488715272094,0.0008241057021140853,0.15919546775123236,0.07806821689237146,0.15184977132653582,0.05754732705821109,0.010926552679852925,0.7802809276859324,0.9701990215148935,0.027905681238115015,0.10776758744093606,0.0747888806293742,0.0028078950817776475,0.21770966587277824,0.16488096836652336,0.2525069508220825,0.6416354449154043,0.7989265793679092,0.4399280783826739,0.6199247787627713,0.9260734289692147
