Source,SS,ddof1,ddof2,MS,F,p-unc,p-GG-corr,n2,eps
task,14607.569617193914,5,300,2921.513923438783,0.6313613179378815,0.6759540628251046,0.6277502916598396,0.005026922756391175,0.7372659717526933
context,3363.4888378554365,2,120,1681.7444189277182,0.8280338495322348,0.4393880954561836,0.3935865992100104,0.0011574819783834237,0.6434252566032401
task * context,11878.440188196593,10,600,1187.8440188196594,0.5728695020630636,0.8366589107682952,0.7001551342739196,0.004087743742271309,0.4432554724189747
