Source,SS,ddof1,ddof2,MS,F,p-unc,p-GG-corr,n2,eps
task,339487.08797601354,5,205,67897.41759520271,7.186738449690765,3.2092573709481963e-06,4.8812129669430635e-05,0.053617994337450174,0.7265866894679803
context,10164.594002743293,2,82,5082.297001371647,0.6528717408252258,0.5232331061612077,0.4932725908536839,0.001605378121833244,0.8128292710418331
task * context,105773.74727121614,10,410,10577.374727121614,1.3137309116449278,0.2205162891976571,0.26540843900792915,0.016705719843576685,0.42234257460280683
