,DC!=0,DE!=0,DE!=DC,cued_task_switching!=0,directed_forgetting!=0,flanker!=0,predictable_task_switching!=0,n_back!=0,shape_matching!=0,cued_task_switching: DC!=0,cued_task_switching: DE!=0,directed_forgetting: DC!=0,directed_forgetting: DE!=0,flanker: DC!=0,flanker: DE!=0,predictable_task_switching: DC!=0,predictable_task_switching: DE!=0,n_back: DC!=0,n_back: DE!=0,shape_matching: DC!=0,shape_matching: DE!=0,cued_task_switching: DE!=DC,directed_forgetting: DE!=DC,flanker: DE!=DC,predictable_task_switching: DE!=DC,n_back: DE!=DC,shape_matching: DE!=DC
mean,20.39627258401591,30.565628476084534,10.169355892068628,16.841954022988507,70.566091954023,4.393678160919543,8.678160919540232,30.1500709963933,22.255747126436784,17.333333333333336,16.350574712643677,63.26436781609196,77.86781609195404,10.557471264367818,-1.770114942528733,-2.097701149425285,19.454022988505745,13.486830906394305,46.81331108639228,19.83333333333334,24.678160919540225,-0.9827586206896551,14.60344827586207,-12.327586206896552,21.551724137931036,33.326480179997986,4.844827586206892
t,2.7742659747462675,3.8621368645464083,2.2045716503669097,1.4900709715215243,6.812372385937536,0.5255960365090483,1.0076830036418127,2.8711455814105094,2.471874988232322,1.43109101418582,1.3562587397199386,5.4149286213278796,5.546621504722595,1.0585816000772943,-0.2211775601327519,-0.22478693114950654,1.932112909062131,1.1574290429322065,3.465718041581705,2.1225649455614635,2.5914432903515583,-0.11497205901865597,0.9466421275702336,-1.7884623558545747,2.405565983225581,2.3842668461419247,0.860000484358871
p,0.009739565946088193,0.0006073917761212699,0.03586890727376881,0.14738516740135887,2.1190486324721646e-07,0.6033069170069985,0.3222360296200495,0.007706450963615799,0.019784964227362808,0.1634714278175314,0.1858535780149458,8.930952141236718e-06,6.240371106424456e-06,0.2988376692532024,0.826559221454475,0.8237774459867191,0.06352139754481145,0.25687568722695575,0.0017232626512681565,0.042767931395653595,0.015012843508603638,0.9092878114584082,0.351919765309076,0.08452795055837435,0.02299893303091094,0.024128624619334932,0.39709270998589696
