Source,SS,ddof1,ddof2,MS,F,p-unc,p-GG-corr,n2,eps
task,1.0315523041527344,5,285,0.20631046083054688,66.74563778709268,5.5098627147096316e-46,4.9626076284330436e-30,0.3481307448471154,0.63240792851112
context,0.28839349323355185,1,57,0.28839349323355185,139.36200712497174,6.07978327937092e-17,6.07978327937092e-17,0.09732772754641887,1.0
task * context,0.13213086619391606,5,285,0.026426173238783213,14.705508298627729,7.835579837630353e-13,6.165381045308595e-08,0.04459184151904316,0.5416590478181907
