,DC!=0,DE!=0,DE!=DC,cued_task_switching!=0,directed_forgetting!=0,flanker!=0,predictable_task_switching!=0,n_back!=0,shape_matching!=0,cued_task_switching: DC!=0,cued_task_switching: DE!=0,directed_forgetting: DC!=0,directed_forgetting: DE!=0,flanker: DC!=0,flanker: DE!=0,predictable_task_switching: DC!=0,predictable_task_switching: DE!=0,n_back: DC!=0,n_back: DE!=0,shape_matching: DC!=0,shape_matching: DE!=0,cued_task_switching: DE!=DC,directed_forgetting: DE!=DC,flanker: DE!=DC,predictable_task_switching: DE!=DC,n_back: DE!=DC,shape_matching: DE!=DC
mean,-0.02392769454959978,-0.05446512431822835,-0.030537429768628572,-0.04009671759680174,-0.046545549429866204,0.0005527913479858494,-0.05555966160767807,-0.08821613520496878,-0.00531318411215543,-0.019613899730359367,-0.060579535463244114,-0.02236115247761211,-0.07072994638212028,0.010100334448160534,-0.008994751752188834,-0.04988900419000606,-0.06123031902535008,-0.05714592011427049,-0.11928635029566707,-0.004656525233511185,-0.005969842990799675,-0.040965635732884746,-0.0483687939045082,-0.019095086200349366,-0.011341314835344026,-0.062140430181396575,-0.0013133177572884902
t,-3.939662368542195,-6.033017547347004,-4.210095701232343,-4.132268850318771,-3.5932173492168284,0.09895379927390831,-4.918658608512913,-6.873361388639345,-0.7326417799869347,-1.929574580975543,-4.642602802364379,-1.501135022089621,-3.5769033149789613,1.6303729269285852,-1.3743602754483502,-3.8466534626784044,-3.8357525428312957,-3.2401156355592344,-4.909471562669544,-0.5319306013501454,-0.7814032371256555,-3.136713739897881,-2.0538380768778577,-3.114278292836992,-0.6190134687275306,-1.837270972516672,-0.1700734164881076
p,0.0005190529132589036,1.9394466134718194e-06,0.0002533293241558442,0.00031163261892155637,0.0012843182407146956,0.9219059805374266,3.789761697781663e-05,2.1966015015532526e-07,0.4700899501376974,0.06422964416566004,7.958317107535112e-05,0.14492574044536535,0.001339678883914906,0.11463495732152902,0.18063119908504482,0.0006630734499372316,0.0006823306798214259,0.0031643022166264636,3.884514898918144e-05,0.5991241248164416,0.4413637589585837,0.004098741128941294,0.04979166404493284,0.004333864317682517,0.5410956739621086,0.0772004209620708,0.8662203672159223
