Source,SS,ddof1,ddof2,MS,F,p-unc,p-GG-corr,n2,eps
task,19.043939393939393,5,270,3.8087878787878786,1.2467047257979194,0.28754205212917405,0.28552178053799515,0.017432853209800345,0.3077795886836617
context,1.456060606060606,1,54,1.456060606060606,1.368368315578525,0.24722968109841967,0.24722968109841967,0.0013328802557576683,1.0
task * context,3.51666666666667,5,270,0.703333333333334,1.0206019347903992,0.4057910442126864,0.37951408415597554,0.003219162407506297,0.5346331375962865
