Source,SS,ddof1,ddof2,MS,F,p-unc,p-GG-corr,n2,eps
task,283095.6885752379,5,255,56619.137715047575,24.793476509818635,2.429772056449116e-20,1.5800496889436133e-12,0.19554101260719,0.5667360153730723
context,19862.483745982423,1,51,19862.483745982423,7.2070341582312265,0.00977101399180655,0.00977101399180655,0.013719496062021552,1.0
task * context,31865.080599297577,5,255,6373.016119859515,4.166418881763963,0.0011755267414260994,0.00873424919121408,0.022009978882247757,0.5581295720566299
