Source,SS,ddof1,ddof2,MS,F,p-unc,p-GG-corr,n2,eps
task,0.30540058476730453,5,135,0.061080116953460904,15.072700443711561,9.495069958680185e-12,5.3817283833944775e-09,0.1659897887989964,0.7147487118639841
context,0.07833290781740945,1,27,0.07833290781740945,17.72490581353504,0.00025332932415584507,0.00025332932415584507,0.04257510781955471,1.0
task * context,0.038904900151410376,5,135,0.007780980030282075,1.3990005818008013,0.2285717766552841,0.2511703148567582,0.021145395527972184,0.5519581613008345
