,DC!=0,DE!=0,DE!=DC,cued_task_switching!=0,directed_forgetting!=0,flanker!=0,predictable_task_switching!=0,n_back!=0,shape_matching!=0,cued_task_switching: DC!=0,cued_task_switching: DE!=0,directed_forgetting: DC!=0,directed_forgetting: DE!=0,flanker: DC!=0,flanker: DE!=0,predictable_task_switching: DC!=0,predictable_task_switching: DE!=0,n_back: DC!=0,n_back: DE!=0,shape_matching: DC!=0,shape_matching: DE!=0,cued_task_switching: DE!=DC,directed_forgetting: DE!=DC,flanker: DE!=DC,predictable_task_switching: DE!=DC,n_back: DE!=DC,shape_matching: DE!=DC
mean,14.298055094978038,23.814514612512866,9.516459517534829,13.301879327967308,15.996861522487606,0.4768908956233587,12.271612664616738,63.59054608375647,8.699918628021228,10.999630764556251,15.604127891378358,13.202929128284959,18.79079391669027,-0.4584971585200795,1.4122789497667965,5.743416504206383,18.7998088250271,50.8552241004698,76.32586806704312,5.445627230870924,11.954210025171538,4.604497126822109,5.587864788405302,1.8707761082868757,13.056392320820716,25.470643966573355,6.508582794300615
t,2.728048576157902,4.791181795684992,2.182530194950169,2.520845898627458,2.168191505435008,0.09186335119590391,2.241939279646515,6.576751662807535,1.3875333232798304,1.5947051423095056,2.5440827209129075,1.4698270004850043,2.0282212453166792,-0.07398350790532326,0.23912293533012702,1.1040432666791955,2.7506320516958405,3.748756561170545,6.9617895846021085,0.7236169076362589,1.8827403438871269,0.5993691601502681,0.5203797234676117,0.30042164722772785,2.4803870082590445,1.6632642705823686,1.0752103683753338
p,0.008767293608058096,1.5224147897405554e-05,0.033794638917440806,0.014942988153226474,0.03492921254957282,0.9271736800929169,0.0294325268560614,2.7575323618811144e-08,0.17143253793710914,0.11708055605070598,0.014092865155527637,0.1478734149684043,0.04788179366334648,0.9413187030890189,0.8119877287193553,0.2748594108340347,0.008260249834476934,0.0004618142605767969,6.886564591774184e-09,0.4726729409418706,0.06556023858810515,0.55163312685185,0.6050956736200577,0.7651011573094008,0.016534895644881142,0.1025161484193249,0.2874417623344716
