Source,SS,ddof1,ddof2,MS,F,p-unc,p-GG-corr,n2,eps
task,257473.8728451058,5,250,51494.77456902116,17.531382173285568,7.036866394567035e-15,4.5833297643033696e-10,0.15436633520900983,0.6201018599761042
context,13856.139267578536,1,50,13856.139267578536,4.7634380518692305,0.03379463891744069,0.03379463891744069,0.008307333925755294,1.0
task * context,9540.369925364543,5,250,1908.0739850729085,0.9402996747736841,0.4554312603193109,0.42757255096405977,0.00571985004009611,0.6438454752192517
