Source,SS,ddof1,ddof2,MS,F,p-unc,p-GG-corr,n2,eps
task,24611.83390204228,5,140,4922.366780408456,0.8920238563363899,0.488319771717445,0.4686762896668272,0.013790162959338477,0.7733942821642166
context,8759.195668431019,2,56,4379.5978342155095,1.4308406272332306,0.24771380091125872,0.2456191213974434,0.004907831579765874,0.6010729631219266
task * context,15488.344346662301,10,280,1548.8344346662302,0.5476209809505966,0.8553461399235609,0.6992500615556001,0.00867821525859959,0.3957298433050889
