Source,SS,ddof1,ddof2,MS,F,p-unc,p-GG-corr,n2,eps
task,972608.9028440109,5,320,194521.78056880218,20.675305271830336,6.750412299048459e-18,1.51503323309372e-16,0.1996481966032777,0.9132549977241078
context,157709.18106273867,1,64,157709.18106273867,61.52214494686131,6.082803246391264e-11,6.082803246391264e-11,0.0323730879851975,1.0
task * context,5011.38838367883,5,320,1002.277676735766,0.5711680029147227,0.7221031123775308,0.6349088673920407,0.0010286916461020282,0.6009528077148523
