,DC!=0,DE!=0,DE!=DC,cued_task_switching!=0,directed_forgetting!=0,flanker!=0,predictable_task_switching!=0,n_back!=0,shape_matching!=0,cued_task_switching: DC!=0,cued_task_switching: DE!=0,directed_forgetting: DC!=0,directed_forgetting: DE!=0,flanker: DC!=0,flanker: DE!=0,predictable_task_switching: DC!=0,predictable_task_switching: DE!=0,n_back: DC!=0,n_back: DE!=0,shape_matching: DC!=0,shape_matching: DE!=0,cued_task_switching: DE!=DC,directed_forgetting: DE!=DC,flanker: DE!=DC,predictable_task_switching: DE!=DC,n_back: DE!=DC,shape_matching: DE!=DC
mean,-15.079292182002275,-0.40778888982027006,14.671503292182013,49.547607059953094,-92.80894150528978,-37.586200478008855,35.075515459053946,11.529718087112604,-12.21894183828865,42.12027066783341,56.97494345207275,-91.69309363342788,-93.9247893771517,-49.3518569908722,-25.82054396514554,17.688979035378306,52.46205188272958,16.942587784621093,6.116848389604113,-26.182639955546467,1.7447562789691593,14.854672784239348,-2.231695743723856,23.531313025726647,34.77307284735129,-10.825739395016981,27.92739623451564
t,-1.0137957262328257,-0.026616683656249078,5.9894288344551905,2.7377993770354414,-5.515685717633611,-2.317049727307374,2.156397865951755,0.6006897030326832,-0.6525167904509278,2.3293550722618255,3.107858261427769,-5.411791161480509,-5.5535136374267795,-3.084885237131956,-1.5535588545296932,1.0836933814686276,3.161230255570183,0.8213144883938843,0.32118785661196836,-1.4167977369615328,0.09099764744803915,3.7118388848999477,-0.6025978630117771,6.857013099671603,6.901511013149314,-1.067708248604977,7.057904146874265
p,0.314684637215041,0.9788523520684952,1.2176190113448087e-07,0.008094541398061096,7.480475578058871e-07,0.02387395632612701,0.03500399309095634,0.550272143479225,0.5165193915396623,0.02316791051656545,0.0028610753303236025,1.1079708252808663e-06,6.480192236814626e-07,0.0030588189915536803,0.12546302247229316,0.2827656471822833,0.0024468849628332618,0.41466560971098876,0.749165939267644,0.16162910206588918,0.9277926206152682,0.0004474685555728224,0.5490099654725253,4.077775382758899e-09,3.42044826375216e-09,0.28985950078536016,1.8427282556811012e-09
