,DC!=0,DE!=0,DE!=DC,cued_task_switching!=0,directed_forgetting!=0,flanker!=0,predictable_task_switching!=0,n_back!=0,shape_matching!=0,cued_task_switching: DC!=0,cued_task_switching: DE!=0,directed_forgetting: DC!=0,directed_forgetting: DE!=0,flanker: DC!=0,flanker: DE!=0,predictable_task_switching: DC!=0,predictable_task_switching: DE!=0,n_back: DC!=0,n_back: DE!=0,shape_matching: DC!=0,shape_matching: DE!=0,cued_task_switching: DE!=DC,directed_forgetting: DE!=DC,flanker: DE!=DC,predictable_task_switching: DE!=DC,n_back: DE!=DC,shape_matching: DE!=DC
mean,12.886698892980029,24.170475466286383,11.283776573306358,12.53878376050601,15.437620634355135,-1.211927847669376,15.490210820283275,64.20907695944067,4.7077587508835625,12.391284841913997,12.686282679098017,13.891060425058557,16.984180843651718,-1.7144036731743033,-0.7094520221644451,6.017050880277316,24.96337076028923,44.20307253209431,84.21508138678695,2.5321283517102975,6.883389150056829,0.2949978371840271,3.0931204185931582,1.0049516510098593,18.94631988001192,40.01200885469265,4.351260798346534
t,2.542516055772454,4.948444844938748,2.684591991016735,2.3952649127672823,2.5477024989839268,-0.23373684881699938,2.7713134870623555,7.075889994759104,0.900324613094817,1.8808178298988876,2.101290309258452,2.022493669581344,2.387529871696924,-0.27654271312306133,-0.12390426077423061,1.1925008097378755,3.5186929656169275,4.041015751485326,6.855730405078249,0.4077545370587157,1.252759741693473,0.041678865359109175,0.44328092808341796,0.17011589545639874,3.6725948284187586,2.7498571580293985,0.8202717095294372
p,0.01408428896256977,8.552304397584005e-06,0.009771013991806679,0.02031820919319327,0.013900403597276517,0.8161249874138761,0.007772648927196397,4.129772526451308e-09,0.37217934261580277,0.06571210895967239,0.04057629989382936,0.04838451699503863,0.020705648538040376,0.7832489341841067,0.9018781325384452,0.23858387461334987,0.000921870341328629,0.00017975852838066411,9.199257129364828e-09,0.6851605933436467,0.21600701453864413,0.966917447962774,0.659437343128535,0.8655920429170687,0.0005757350602044149,0.008228564565858016,0.41587867058403083
