,DC!=0,DE!=0,DE!=DC,cued_task_switching!=0,directed_forgetting!=0,flanker!=0,predictable_task_switching!=0,n_back!=0,shape_matching!=0,cued_task_switching: DC!=0,cued_task_switching: DE!=0,directed_forgetting: DC!=0,directed_forgetting: DE!=0,flanker: DC!=0,flanker: DE!=0,predictable_task_switching: DC!=0,predictable_task_switching: DE!=0,n_back: DC!=0,n_back: DE!=0,shape_matching: DC!=0,shape_matching: DE!=0,cued_task_switching: DE!=DC,directed_forgetting: DE!=DC,flanker: DE!=DC,predictable_task_switching: DE!=DC,n_back: DE!=DC,shape_matching: DE!=DC
mean,0.012621220661348121,-0.00504303243149498,-0.017664253092843106,0.005040322580645153,0.04576612903225806,-0.006250000000000015,-0.003024193548387108,-0.015571886923343752,-0.0032258064516129084,0.017540322580645158,-0.00745967741935485,0.0723790322580645,0.0191532258064516,-0.005040322580645175,-0.007459677419354853,-0.003024193548387106,-0.00302419354838711,-0.0006839663544918615,-0.030459807492195647,-0.005443548387096786,-0.0010080645161290305,-0.02500000000000001,-0.05322580645161291,-0.002419354838709679,-4.476705744456276e-18,-0.029775841137703783,0.004435483870967756
t,2.780700300010266,-1.1013238787791735,-3.683382325004763,0.6929244133936744,3.254342796816441,-1.5137714398131856,-0.6178961001758416,-3.1887375372441045,-0.7425831517613978,1.439052519345564,-1.3406778747717436,4.192895376753308,0.9777998557904453,-1.1240346200590987,-1.6073126414468526,-0.5597701772891819,-0.5667660751601722,-0.1007817676303965,-4.759554928417214,-1.1747952164277027,-0.2130867759148785,-2.0591042503723185,-2.224942444187342,-0.6224453789880452,-1.0137673475453431e-15,-3.3577369565903283,1.2689077060081744
p,0.007204630555567177,0.27508248887201087,0.0004902985662572565,0.49098680330801125,0.0018558009060758466,0.1352482703357128,0.5389439571213415,0.0022560489871574106,0.46058420157435354,0.15524741487400565,0.1849966496083556,9.052503098558577e-05,0.3320353482657791,0.2654023278473597,0.11315020443266541,0.5776860255454062,0.5729527624520341,0.9200542225000435,1.2332084554886433e-05,0.24464228887856715,0.8319698275002217,0.04376052163316472,0.029793887085909337,0.535968987423798,0.9999999999999991,0.0013579017881145418,0.20929461351228212
