,DC!=0,DE!=0,DE!=DC,cued_task_switching!=0,directed_forgetting!=0,flanker!=0,predictable_task_switching!=0,n_back!=0,shape_matching!=0,cued_task_switching: DC!=0,cued_task_switching: DE!=0,directed_forgetting: DC!=0,directed_forgetting: DE!=0,flanker: DC!=0,flanker: DE!=0,predictable_task_switching: DC!=0,predictable_task_switching: DE!=0,n_back: DC!=0,n_back: DE!=0,shape_matching: DC!=0,shape_matching: DE!=0,cued_task_switching: DE!=DC,directed_forgetting: DE!=DC,flanker: DE!=DC,predictable_task_switching: DE!=DC,n_back: DE!=DC,shape_matching: DE!=DC
mean,6.22022750529948,30.53480203956418,24.314574534264704,64.72746808478571,-39.86446496074306,-35.56948272138295,46.68358190434635,37.22913218754474,37.058854140040246,43.06340692790467,86.39152924166673,-49.41292449928882,-30.316005422197314,-49.752610495948765,-21.386354946817164,28.043579930945196,65.3235838777475,40.23402015229579,34.22424422279371,25.14589301588879,48.971815264191676,43.32812231376206,19.0969190770915,28.3662555491316,37.28000394680228,-6.0097759295020845,23.825922248302906
t,0.33031866105183544,1.56712525660758,4.813474785116617,2.8218516473762625,-1.699113233766765,-1.8415171966945574,2.1720527481672742,1.443729152174323,1.628396995276341,1.841352869288679,3.6233701781397905,-2.0470258235354173,-1.257829521327195,-2.465157875329248,-1.13061749012025,1.3103073131262972,2.9015899516578516,1.4523400508719901,1.2537741555276087,1.139881445663812,2.029531464413605,3.8560680136568557,1.705887263959893,4.605868921016632,4.11636905112461,-0.31442935631489555,2.9307936071509912
p,0.743618093411654,0.12831865287359503,4.61836350736984e-05,0.008684945881521867,0.10038394343844297,0.07616300556731201,0.03847534548544676,0.15991173077314516,0.11464233127516588,0.07618777485382726,0.001142088291658185,0.050144404127310666,0.21884270401741399,0.020090659650864436,0.26780800871808297,0.20073949518857986,0.007155134106121184,0.15752194409686987,0.22029161608564163,0.26399313028270627,0.05200540507191477,0.0006172866590120111,0.09909981156197638,8.141926816987464e-05,0.00030734340441138965,0.7555259679926994,0.006661504164892897
