,DC!=0,DE!=0,DE!=DC,cued_task_switching!=0,directed_forgetting!=0,flanker!=0,predictable_task_switching!=0,n_back!=0,shape_matching!=0,cued_task_switching: DC!=0,cued_task_switching: DE!=0,directed_forgetting: DC!=0,directed_forgetting: DE!=0,flanker: DC!=0,flanker: DE!=0,predictable_task_switching: DC!=0,predictable_task_switching: DE!=0,n_back: DC!=0,n_back: DE!=0,shape_matching: DC!=0,shape_matching: DE!=0,cued_task_switching: DE!=DC,directed_forgetting: DE!=DC,flanker: DE!=DC,predictable_task_switching: DE!=DC,n_back: DE!=DC,shape_matching: DE!=DC
mean,-1.1184053837450763,26.03149533670922,27.149900720454294,64.44628681151744,-59.11572588752615,-50.22834472272349,57.40205152535456,48.38127293676353,13.853729195506554,54.473302662999814,74.41927096003505,-73.99443395023621,-44.23701782481614,-59.13801076227622,-41.31867868317083,36.723076304721744,78.08102674598737,35.98436336586074,60.77818250766632,-0.758729923540394,28.466188314553502,19.945968297035225,29.757416125420043,17.81933207910538,41.357950441265615,24.793819141805585,29.224918238093895
t,-0.0498124500357577,1.1419029165126953,6.06924632606434,2.517122940020179,-2.0900026583677827,-2.1502054259281485,2.1439771530556233,1.9110901405296865,0.4863020149115095,2.0583089326480666,2.9598721026789994,-2.7180613055147416,-1.489313071030605,-2.555847806700792,-1.7402589821289616,1.3730413969924458,2.855618340286999,1.308633888968557,2.3495172923382572,-0.026979287895196852,0.981404368221953,3.0407265489005817,4.360224666767023,4.527791281492594,5.400888407507483,1.4635950926847094,6.85580610102118
p,0.9606254884042114,0.2631659687277238,1.519305247994314e-06,0.017834785356036036,0.04582036124934734,0.0403204648552347,0.040860768224679454,0.06627996799712894,0.630537638773123,0.048975574643615606,0.006202159213212599,0.011139907254546161,0.14758348791214795,0.016308344401280924,0.09279524619991754,0.18063635698491598,0.008002850383871775,0.20129844575330594,0.0260809617938391,0.9786676267719709,0.33479780134702974,0.005077724644357097,0.00015890027291404912,0.0001007336381559072,9.27929621783939e-06,0.15444143709952357,1.8918666277162428e-07
