Source,SS,ddof1,ddof2,MS,F,p-unc,p-GG-corr,n2,eps
task,1690608.7656439785,5,305,338121.7531287957,27.34763137320004,7.416161934218738e-23,2.1785365768313615e-20,0.2864689590902683,0.879345598244473
context,40037.05964656646,1,61,40037.05964656646,35.87325776300455,1.217619011344305e-07,1.217619011344305e-07,0.006784168540388479,1.0
task * context,49418.622042796516,5,305,9883.724408559303,10.673699478295323,1.8216417344226748e-09,6.757754090486264e-06,0.008373848227909033,0.5193738755577568
