Source,SS,ddof1,ddof2,MS,F,p-unc,p-GG-corr,n2,eps
task,1466784.8866588315,5,140,293356.9773317663,18.841340747422166,2.7091233182341794e-14,2.425816134287794e-12,0.37464275084218074,0.8389070052800116
context,6062.7857134047945,1,28,6062.7857134047945,5.174501566927523,0.03077740504409718,0.03077740504409718,0.0015485424877880948,1.0
task * context,64214.21913609127,5,140,12842.843827218254,10.863530783448303,7.615590365892108e-09,0.0001862447264295308,0.01640144503747092,0.36335286638434455
