,DC!=0,DE!=0,DE!=DC,cued_task_switching!=0,directed_forgetting!=0,flanker!=0,predictable_task_switching!=0,n_back!=0,shape_matching!=0,cued_task_switching: DC!=0,cued_task_switching: DE!=0,directed_forgetting: DC!=0,directed_forgetting: DE!=0,flanker: DC!=0,flanker: DE!=0,predictable_task_switching: DC!=0,predictable_task_switching: DE!=0,n_back: DC!=0,n_back: DE!=0,shape_matching: DC!=0,shape_matching: DE!=0,cued_task_switching: DE!=DC,directed_forgetting: DE!=DC,flanker: DE!=DC,predictable_task_switching: DE!=DC,n_back: DE!=DC,shape_matching: DE!=DC
mean,0.16363636363636364,0.25757575757575757,0.09393939393939396,0.509090909090909,0.09090909090909091,-0.02727272727272727,0.22727272727272727,0.3090909090909091,0.15454545454545454,0.32727272727272727,0.6909090909090909,0.07272727272727272,0.10909090909090909,-0.01818181818181818,-0.03636363636363636,0.2727272727272727,0.18181818181818182,0.2545454545454545,0.36363636363636365,0.07272727272727272,0.23636363636363636,0.36363636363636365,0.03636363636363636,-0.01818181818181818,-0.09090909090909091,0.10909090909090909,0.16363636363636364
t,1.8583897108545837,2.0239795132704774,1.1697727623681984,1.3383445064476995,0.8891735350327491,-0.3636054492745,1.7620657777074615,2.6389117874015318,1.5523597769475412,1.2304546686443938,1.369655544451246,0.628970902033151,1.0618899231166596,-0.22742941307367104,-0.42320736951515886,1.9044331628182154,1.2990381056766578,1.370618199646159,2.3904572186687876,0.7816856988743054,1.9435323204914041,1.358732440973515,0.46804587074310927,-0.2559960557948584,-0.778062443457646,0.4439372613002909,1.9220449413988105
p,0.06856788568210964,0.0479316529897757,0.24722968109841928,0.1863922872143325,0.3778538495427285,0.7175723500094575,0.08371796671787171,0.010846519559799594,0.1264178483047461,0.22386006683182194,0.17646337821650077,0.5320199169125455,0.2930117901727782,0.8209487368915159,0.6738247553632479,0.062186616846526925,0.19945029273549242,0.17616466103372203,0.020344683399157137,0.4378133001102902,0.05717120413159818,0.17988011162833048,0.6416354449154044,0.7989265793679092,0.4399280783826739,0.6588618437794925,0.0598829352330575
