Source,SS,ddof1,ddof2,MS,F,p-unc,p-GG-corr,n2,eps
task,0.8961113344079632,5,300,0.17922226688159265,17.999503973193523,1.2997771494699927e-15,5.586425102287925e-07,0.1424383480193445,0.3569687673392661
context,0.08501709305758058,1,60,0.08501709305758058,12.600073807293066,0.0007569678777977003,0.0007569678777977003,0.013513604642138815,1.0
task * context,0.06264138073462873,5,300,0.012528276146925746,2.025599463776545,0.07494224748342102,0.1421739448419108,0.009956948926872116,0.3555195239338177
