,DC!=0,DE!=0,DE!=DC,cued_task_switching!=0,directed_forgetting!=0,flanker!=0,predictable_task_switching!=0,n_back!=0,shape_matching!=0,cued_task_switching: DC!=0,cued_task_switching: DE!=0,directed_forgetting: DC!=0,directed_forgetting: DE!=0,flanker: DC!=0,flanker: DE!=0,predictable_task_switching: DC!=0,predictable_task_switching: DE!=0,n_back: DC!=0,n_back: DE!=0,shape_matching: DC!=0,shape_matching: DE!=0,cued_task_switching: DE!=DC,directed_forgetting: DE!=DC,flanker: DE!=DC,predictable_task_switching: DE!=DC,n_back: DE!=DC,shape_matching: DE!=DC
mean,4.393637643052291,19.441674963508824,15.048037320456533,11.761402376687109,15.082086320887232,-10.246502132849292,23.46973324998602,38.64571557143597,-7.206497566463687,8.158202058384155,15.364602694990056,2.864369873753009,27.299802768021447,-10.849637365497669,-9.643366900200915,14.286226894852534,32.653239605119495,22.70452415980739,54.58690698306452,-10.801859762985693,-3.611135369941669,7.206400636605907,24.43543289426845,1.2062704652967526,18.36701271026696,31.882382823257146,7.190724393044023
t,0.9786439735923976,4.178722536815386,7.888189021345318,2.489082922787946,2.5338699640174736,-2.06938191904138,4.4087276144570335,6.198018844728853,-1.3718997594707019,1.6791783932525453,2.904516552043046,0.4510124685170743,4.200481192274438,-2.0635227189871315,-1.9169187537833028,2.725119935028215,5.483569824646026,3.4692798064299795,7.258664413375709,-1.897321672777108,-0.677548880908709,1.935327070356358,5.047654848341177,0.43092372093663667,5.189481929565851,4.847486982299191,2.1425586133908343
p,0.3316855011149977,9.660649487965939e-05,7.603791031657325e-11,0.015598483440654133,0.013910379972714654,0.042824997179604724,4.3766039868057234e-05,5.723090176019902e-08,0.17520268005274908,0.09831819145030726,0.005142379679280862,0.6536063777587588,8.970809934228156e-05,0.043396850133381855,0.060013877722512814,0.00841063215561367,8.779133960529994e-07,0.00097230796771604,9.050439986610872e-10,0.06260080531836085,0.500662158468218,0.057667207763990216,4.44094337623404e-06,0.6680680433678607,2.632795168836546e-06,9.209376405190741e-06,0.03621526653397856
