Source,SS,ddof1,ddof2,MS,F,p-unc,p-GG-corr,n2,eps
task,9972.02443736863,5,235,1994.404887473726,0.5498955971780839,0.738322245924611,0.6860598379916913,0.003966956439331369,0.7416357581487769
context,2993.7804996384903,2,94,1496.8902498192451,0.5178537872522235,0.5974876457307453,0.5798112783133904,0.00119095143674953,0.9059865571359655
task * context,47714.669396167905,10,470,4771.46693961679,1.68734767176736,0.08084095711592076,0.1402187331940418,0.018981302763598374,0.48818026859129166
