,DC!=0,DE!=0,DE!=DC,cued_task_switching!=0,directed_forgetting!=0,flanker!=0,predictable_task_switching!=0,n_back!=0,shape_matching!=0,cued_task_switching: DC!=0,cued_task_switching: DE!=0,directed_forgetting: DC!=0,directed_forgetting: DE!=0,flanker: DC!=0,flanker: DE!=0,predictable_task_switching: DC!=0,predictable_task_switching: DE!=0,n_back: DC!=0,n_back: DE!=0,shape_matching: DC!=0,shape_matching: DE!=0,cued_task_switching: DE!=DC,directed_forgetting: DE!=DC,flanker: DE!=DC,predictable_task_switching: DE!=DC,n_back: DE!=DC,shape_matching: DE!=DC
mean,-0.029251787829371677,-0.05943608104853104,-0.030184293219159365,-0.042866325219852196,-0.04231765051612073,-0.010992335967121972,-0.05922930663701319,-0.09377193938871023,-0.01688604890488984,-0.028006164676857112,-0.057726485762847286,-0.02296434435725901,-0.061670956674982444,-0.0011683230729336404,-0.020816348861310303,-0.047884030443955776,-0.07057458283007059,-0.06575409364210633,-0.12178978513531419,-0.009733770783118196,-0.024038327026661484,-0.029720321085990178,-0.038706612317723425,-0.019648025788376662,-0.022690552386114823,-0.056035691493207834,-0.01430455624354329
t,-7.698985849655958,-10.937714915539662,-5.946015797128651,-5.959894093535992,-4.706721999275474,-2.6884338172134457,-8.67528681691763,-9.89461300469234,-3.263242381694275,-3.7493621832727,-6.305534550832084,-3.0459760859285927,-4.282753225023318,-0.304496842054296,-3.522337136382486,-5.541470632362817,-7.127612776310105,-5.140628693775701,-8.217864509698908,-1.8787285214856857,-3.3773673876882024,-3.4956086475226598,-2.703083042821919,-3.4505406136003023,-1.7996711774533571,-2.776783540107474,-2.066916853332938
p,3.3925717417935593e-10,3.3376865837612157e-15,2.2063212387800691e-07,2.09704778732332e-07,1.847030596795391e-05,0.009573464105973263,9.483221666191818e-12,1.2170688000523044e-13,0.0019310584856874987,0.0004400172707316329,5.8886802420740554e-08,0.0036094238775667867,7.79648854977224e-05,0.7619418413765227,0.0008892951001062345,9.611357798847317e-07,2.810508265022935e-09,4.039866946776332e-06,5.029495595719924e-11,0.06578614231593564,0.0013775766033122467,0.0009647080951758471,0.009211217590492359,0.0011058351334150473,0.07760589721501297,0.0075723840195824075,0.04364185325334369
