,DC!=0,DE!=0,DE!=DC,cued_task_switching!=0,directed_forgetting!=0,flanker!=0,predictable_task_switching!=0,n_back!=0,shape_matching!=0,cued_task_switching: DC!=0,cued_task_switching: DE!=0,directed_forgetting: DC!=0,directed_forgetting: DE!=0,flanker: DC!=0,flanker: DE!=0,predictable_task_switching: DC!=0,predictable_task_switching: DE!=0,n_back: DC!=0,n_back: DE!=0,shape_matching: DC!=0,shape_matching: DE!=0,cued_task_switching: DE!=DC,directed_forgetting: DE!=DC,flanker: DE!=DC,predictable_task_switching: DE!=DC,n_back: DE!=DC,shape_matching: DE!=DC
mean,14.701194025843739,46.03279840488848,31.33160437904475,90.59149461368246,-46.75105302634105,-25.57962650934402,68.09671601588174,59.6053054526536,36.23914074566399,78.59724581491129,102.58574341245355,-58.559051297414264,-34.94305475526781,-38.203442364426,-12.955810654262041,44.929458560542464,91.26397347122096,39.3189937275645,79.89161717774273,22.123959713884414,50.35432177744355,23.988497597542256,23.61599654214648,25.24763171016397,46.334514910678486,40.57262345017822,28.230362063559124
t,0.992187666815695,3.00412249665956,11.243409717881072,5.285226283751065,-2.7381189680060323,-1.5788885626406461,3.953654778406618,3.386011692289363,1.9833169300738793,4.587881931614997,5.8788755884158705,-3.4736344810739728,-1.993225672104885,-2.3632739953769035,-0.7937081919190448,2.6666216502808666,5.070876966743384,2.177481553842584,4.321605254795169,1.236961574495126,2.678582038662217,5.261803255083469,5.735564723232712,10.63026926825955,8.608577579123118,4.138662312970329,8.461229994832603
p,0.3248425143427419,0.003798715632044687,8.515488102176576e-17,1.6159458583078355e-06,0.007993011124502663,0.11929188466387491,0.00019498859354313443,0.0012162972895331601,0.051626153139239093,2.141024686173575e-05,1.6309160398885538e-07,0.0009263332546912848,0.050503386843985365,0.021163207612619438,0.43029835003525196,0.009690909262513623,3.627987632295049e-06,0.033138092023374144,5.5148061414441845e-05,0.22062105783947877,0.009385701535993645,1.7662439081453186e-06,2.8550053180394626e-07,8.981632809507839e-16,2.739135635828113e-12,0.00010404047458414787,4.970078837087771e-12
