Source,SS,ddof1,ddof2,MS,F,p-unc,p-GG-corr,n2,eps
task,0.28952732091052236,5,305,0.057905464182104474,9.561761547882872,1.7269574493798657e-08,0.0002004506795406368,0.07480853540867549,0.3758858203467323
context,0.05803680574301116,1,61,0.05803680574301116,13.567305352157483,0.0004902985662572584,0.0004902985662572584,0.014995643325744192,1.0
task * context,0.07743672772650224,5,305,0.015487345545300448,3.5323747201170237,0.004043636440831862,0.03490635988886722,0.020008226407933,0.3777531468193003
