Source,SS,ddof1,ddof2,MS,F,p-unc,p-GG-corr,n2,eps
task,106870.90797160637,5,260,21374.181594321275,6.7562552861522915,6.1033228336420965e-06,4.140298409801451e-05,0.0715910883382935,0.7946513818789136
context,10567.269475277757,1,52,10567.269475277757,5.480502724404218,0.0230986768550341,0.0230986768550341,0.0070788424732028685,1.0
task * context,9214.001994350987,5,260,1842.8003988701973,1.080722977283762,0.3714006711890737,0.3624609023674926,0.006172310530963658,0.6705791044988045
