,DC!=0,DE!=0,DE!=DC,cued_task_switching!=0,directed_forgetting!=0,flanker!=0,predictable_task_switching!=0,n_back!=0,shape_matching!=0,cued_task_switching: DC!=0,cued_task_switching: DE!=0,directed_forgetting: DC!=0,directed_forgetting: DE!=0,flanker: DC!=0,flanker: DE!=0,predictable_task_switching: DC!=0,predictable_task_switching: DE!=0,n_back: DC!=0,n_back: DE!=0,shape_matching: DC!=0,shape_matching: DE!=0,cued_task_switching: DE!=DC,directed_forgetting: DE!=DC,flanker: DE!=DC,predictable_task_switching: DE!=DC,n_back: DE!=DC,shape_matching: DE!=DC
mean,0.014068709404373806,0.010823628155955512,-0.0032450812484182893,0.02205459770114943,0.014942528735632184,0.009554597701149426,0.010416666666666668,0.015912644864896,0.0017959770114942537,0.02399425287356322,0.02011494252873563,0.01795977011494253,0.011925287356321842,0.009339080459770114,0.009770114942528735,0.008908045977011496,0.011925287356321838,0.02306168171359915,0.008763608016192857,0.0011494252873563225,0.002442528735632184,-0.0038793103448275866,-0.0060344827586206904,0.0004310344827586206,0.0030172413793103444,-0.014298073697406285,0.0012931034482758618
t,3.1039107635268794,3.172428316571705,-0.9761139922588998,1.8305989667259648,2.6744334749691596,1.3452837203561818,1.810934299514122,1.7578120633501957,0.9396523392553295,1.896162590750155,1.7000008673476024,2.189063686773348,2.64960023848656,1.3132557401827547,1.3657384014874343,1.6547417765328687,1.8762495684125309,1.317810228119383,2.1517303473105187,0.5453237832178061,1.2698797814071943,-0.874746926965061,-0.8511126949057795,0.3281650616569468,1.1917591430622478,-0.801944053723835,0.9999999999999997
p,0.0043370640583912734,0.003650824382411016,0.33736644411809324,0.07782384787733443,0.012354516036236149,0.18932840679534008,0.08089363054107676,0.0897086837544873,0.35543199170982775,0.06830135844128017,0.10021488541897552,0.03709144186332607,0.013099995528276932,0.1997575794270181,0.18289238075254682,0.10914514738016581,0.07108085551935178,0.19824807092573069,0.040189154555938106,0.5898489251328478,0.21457993882345083,0.389153440982542,0.4019271730950381,0.7452283522560339,0.24335935513241563,0.4293392718172703,0.3258747068716613
