,DC!=0,DE!=0,DE!=DC,cued_task_switching!=0,directed_forgetting!=0,flanker!=0,predictable_task_switching!=0,n_back!=0,shape_matching!=0,cued_task_switching: DC!=0,cued_task_switching: DE!=0,directed_forgetting: DC!=0,directed_forgetting: DE!=0,flanker: DC!=0,flanker: DE!=0,predictable_task_switching: DC!=0,predictable_task_switching: DE!=0,n_back: DC!=0,n_back: DE!=0,shape_matching: DC!=0,shape_matching: DE!=0,cued_task_switching: DE!=DC,directed_forgetting: DE!=DC,flanker: DE!=DC,predictable_task_switching: DE!=DC,n_back: DE!=DC,shape_matching: DE!=DC
mean,28.02235983508978,56.461154308325995,28.438794473236214,91.71378228606554,2.5534936672394912,-10.946533224533528,55.55859300361534,57.270627010266494,57.30057968759394,76.62885475913903,106.79870981299206,-11.120952612976026,16.227939947455006,-27.73575180855492,5.842685359487858,38.62165088312831,72.49553512410233,47.82871066366689,66.71254335686609,43.9116471261354,70.68951224905253,30.169855053853034,27.34889256043102,33.57843716804276,33.87388424097403,18.883832693199217,26.777865122917166
t,2.2135014162854167,4.241983033731242,7.843605353844727,6.106954826918166,0.17107628082330217,-0.7953098418684715,3.8892373928958057,3.399903207640222,3.7878315872557096,4.9585044369340565,6.974400897095026,-0.7358071431232435,1.0052739069140284,-1.9847703254138656,0.4214944375653679,2.730243108992936,4.857728140205596,2.7726549906861897,3.601072998904078,2.9452596363303085,4.49218381638101,4.523920530884179,2.933880115799947,8.123232895955555,6.249589639508362,1.5598767093873704,5.415183142603863
p,0.030434429229074512,7.281264056194345e-05,6.08280324639074e-11,6.643894030375935e-08,0.8647035200652535,0.4293730586012626,0.00024182931648764798,0.0011652090353488683,0.0003381209840784686,5.517032229526371e-06,2.0631780813246367e-09,0.464536319939748,0.3185507191677114,0.05146014154089263,0.6748063988443886,0.008165690015264779,8.010166196654054e-06,0.00727462548214214,0.0006190746787939085,0.004494713412395341,3.0168607978502598e-05,2.6934914013924917e-05,0.004642219054445715,1.955130231231843e-11,3.7745930355792725e-08,0.12372069206069224,9.842778161585523e-07
