Source,SS,ddof1,ddof2,MS,F,p-unc,p-GG-corr,n2,eps
task,0.6577357370925966,5,270,0.1315471474185193,26.078723482737967,1.799880285025958e-21,1.1022780489241193e-14,0.1733924808220844,0.6451923299682996
context,0.1548100189573035,1,54,0.1548100189573035,29.659059916176993,1.2957927995804939e-06,1.2957927995804939e-06,0.040811060931210744,1.0
task * context,0.03252700625006777,5,270,0.006505401250013554,1.346504354640171,0.24499934968836426,0.26197794146787967,0.008574778576491882,0.5745602033650717
