,DC!=0,DE!=0,DE!=DC,cued_task_switching!=0,directed_forgetting!=0,flanker!=0,predictable_task_switching!=0,n_back!=0,shape_matching!=0,cued_task_switching: DC!=0,cued_task_switching: DE!=0,directed_forgetting: DC!=0,directed_forgetting: DE!=0,flanker: DC!=0,flanker: DE!=0,predictable_task_switching: DC!=0,predictable_task_switching: DE!=0,n_back: DC!=0,n_back: DE!=0,shape_matching: DC!=0,shape_matching: DE!=0,cued_task_switching: DE!=DC,directed_forgetting: DE!=DC,flanker: DE!=DC,predictable_task_switching: DE!=DC,n_back: DE!=DC,shape_matching: DE!=DC
mean,26.72681210926259,52.73919739243968,26.012385283177107,92.46253574653758,-17.89625441476101,-9.546649786841868,57.2076372144464,55.83811884529741,60.332640900428316,77.35158524867022,107.57348624440493,-23.515337075638456,-12.277171753883556,-26.302711338750694,7.209411765066965,39.91734441132639,74.49793001756636,45.39305558760044,66.28318210299435,47.516935822367635,73.14834597848905,30.22190099573473,11.238165321754897,33.51212310381764,34.58058560623997,20.890126515393906,25.63141015612143
t,2.1374848763123415,4.03930385619695,7.801064318453727,6.2092067791156405,-1.2232692967498333,-0.7000533757379259,4.035633025427231,3.3722873178632082,4.02151180436978,5.0530567077015816,7.083258325262876,-1.577684085095125,-0.8089241199582285,-1.9003847552287696,0.524847949679951,2.8425894876453,5.03783178396716,2.6488754279194033,3.6878271458925513,3.1992856885708467,4.696044344913757,4.61086642550258,1.607454488161143,8.219536843878846,6.54127598613166,1.7862795332574117,5.012497973194059
p,0.03632509022886734,0.00014411073139118292,6.586218557089615e-11,4.214598088639327e-08,0.2256443328022273,0.4863920681143973,0.00014592201485190138,0.0012595194891125644,0.00015309637786556918,3.7745029459042297e-06,1.2361176650940446e-09,0.119492975673608,0.4215098899421307,0.06181924086898264,0.6014744811410772,0.005973172153889732,3.996581807586892e-06,0.010126890015280263,0.00046378354824988554,0.0021307700964232554,1.4168048805735434e-05,1.931090107987428e-05,0.11280191788272709,1.1894171770434747e-11,1.1122087924017957e-08,0.078717828276339,4.394820820801224e-06
