Source,SS,ddof1,ddof2,MS,F,p-unc,p-GG-corr,n2,eps
task,577467.3876660664,5,140,115493.47753321328,10.705494912171794,9.977642744811005e-09,2.3550265038381942e-07,0.2322040521588906,0.7956641499601591
context,51434.27252606127,1,28,51434.27252606127,23.16953950695311,4.61836350737032e-05,4.61836350737032e-05,0.02068211427257703,1.0
task * context,21649.405070231536,5,140,4329.881014046307,2.297595872279461,0.04833631000582045,0.08472840659161782,0.00870539131994068,0.5888441873280407
