Source,SS,ddof1,ddof2,MS,F,p-unc,p-GG-corr,n2,eps
task,0.007591861606559815,5,270,0.001518372321311963,1.7651890217939998,0.12020943910577386,0.1845263316484274,0.027015668595156504,0.30562892231508937
context,3.8492319765464085e-06,1,54,3.8492319765464085e-06,0.023268528938928293,0.8793293853838293,0.8793293853838293,1.3697506726730095e-05,1.0
task * context,0.0003337416974332063,5,270,6.674833948664126e-05,0.5648286284714709,0.7269381542433118,0.6015611833015744,0.0011876211081679785,0.48178941629378647
