,DC!=0,DE!=0,DE!=DC,cued_task_switching!=0,directed_forgetting!=0,flanker!=0,predictable_task_switching!=0,n_back!=0,shape_matching!=0,cued_task_switching: DC!=0,cued_task_switching: DE!=0,directed_forgetting: DC!=0,directed_forgetting: DE!=0,flanker: DC!=0,flanker: DE!=0,predictable_task_switching: DC!=0,predictable_task_switching: DE!=0,n_back: DC!=0,n_back: DE!=0,shape_matching: DC!=0,shape_matching: DE!=0,cued_task_switching: DE!=DC,directed_forgetting: DE!=DC,flanker: DE!=DC,predictable_task_switching: DE!=DC,n_back: DE!=DC,shape_matching: DE!=DC
mean,-0.029281414650410845,-0.059912159648454456,-0.030630744998043604,-0.0441221379783281,-0.031384501752090684,-0.009613441870982963,-0.06111923601117057,-0.10420838019094235,-0.0171330250930812,-0.030611133705995375,-0.05763314225066084,-0.004724394182892209,-0.058044609321289166,-0.00022740791557101766,-0.018999475826394913,-0.04902928621364972,-0.07320918580869147,-0.08140119777146049,-0.1270155626104243,-0.00969506811289629,-0.024570982073266114,-0.027022008544665466,-0.05332021513839695,-0.018772067910823895,-0.024179899595041725,-0.04561436483896378,-0.014875913960369825
t,-6.909720570303998,-11.03074241732329,-5.446013213000589,-6.263134356533881,-3.905519143193227,-2.4628515780762803,-8.972756307989808,-9.391859460001344,-3.4093115778169576,-4.095280762746033,-6.40911361109204,-0.9184549337376428,-3.9061203232601183,-0.06183842032978763,-3.3077802984424096,-5.675061467575217,-7.569060595254772,-4.881685427603641,-8.298114474726447,-1.8997820152495857,-3.6455892979539826,-3.1211580811325073,-3.4690328438009037,-3.3140103488636234,-1.969122669185849,-1.977205661307993,-2.2975273149473514
p,5.774464222441795e-09,1.8941638655365628e-15,1.2957927995804935e-06,6.436164534082163e-08,0.0002635612571347526,0.017003588207111717,2.743795831029296e-12,6.00586628193417e-13,0.0012386557881413573,0.00014212158202840916,3.7404407776566486e-08,0.3624650844359337,0.00026305159468805286,0.9509198247826172,0.0016775139459731326,5.628971714738051e-07,4.9105351058199e-10,9.730838128647473e-06,3.2676682707664253e-11,0.06280743777556691,0.0006005534237774356,0.0028914797659389496,0.0010339598997856296,0.0016468155015379742,0.054079290765316874,0.05313296855637466,0.025490528339239298
