Source,SS,ddof1,ddof2,MS,F,p-unc,p-GG-corr,n2,eps
task,33.60057471264368,5,140,6.720114942528736,0.5176953509185265,0.7625555649079119,0.693380617512764,0.013112845834066932,0.678708388766538
context,0.14080459770114948,1,28,0.14080459770114948,0.0310168648550888,0.8614703650699074,0.8614703650699074,5.4949922677608815e-05,1.0
task * context,24.979885057471265,5,140,4.9959770114942526,1.2506242742490723,0.28886077277958866,0.28978306561374106,0.009748564853805168,0.3220668256315237
