Source,SS,ddof1,ddof2,MS,F,p-unc,p-GG-corr,n2,eps
task,0.5849726688420308,5,140,0.11699453376840616,34.337638860493044,8.771256485648111e-23,7.030901652413858e-15,0.33281054241341923,0.614424937757566
context,0.13821817788554852,1,28,0.13821817788554852,58.70142562381516,2.400772512429714e-08,2.400772512429714e-08,0.07863695041435532,1.0
task * context,0.11513111394709657,5,140,0.023026222789419314,8.564055627507372,4.2350624892270127e-07,0.00014277805603234473,0.06550194653921802,0.5135162396259411
