,DC!=0,DE!=0,DE!=DC,cued_task_switching!=0,directed_forgetting!=0,flanker!=0,predictable_task_switching!=0,n_back!=0,shape_matching!=0,cued_task_switching: DC!=0,cued_task_switching: DE!=0,directed_forgetting: DC!=0,directed_forgetting: DE!=0,flanker: DC!=0,flanker: DE!=0,predictable_task_switching: DC!=0,predictable_task_switching: DE!=0,n_back: DC!=0,n_back: DE!=0,shape_matching: DC!=0,shape_matching: DE!=0,cued_task_switching: DE!=DC,directed_forgetting: DE!=DC,flanker: DE!=DC,predictable_task_switching: DE!=DC,n_back: DE!=DC,shape_matching: DE!=DC
mean,9.645764669408042,25.088392403079148,15.4426277336711,13.63554811525994,29.263105245884624,-3.382368732105183,26.396980229048644,43.17847360108139,-4.889267241707865,10.161413203752549,17.109683026767335,12.756303742027955,45.769906749741295,-1.9905977459247652,-4.774139718285598,20.623125642336305,32.170834815761,26.202967203123002,60.153979999039755,-9.878624028866794,0.10008954545105798,6.9482698230147895,33.01360300771333,-2.7835419723608332,11.54770917342469,33.951012795916775,9.97871357431785
t,1.1844344401041609,3.006928804119151,5.050666023856386,1.7561342718265074,2.872468535123856,-0.3644840222147337,2.6879903721317198,4.1357256356503465,-0.49704439373328774,1.2377534269184365,2.0336638717682374,1.2152664843948988,4.003756966533646,-0.1947245512173284,-0.5245286178176544,2.094735274278364,3.0826826575939683,2.239212621762077,5.165179813802524,-0.9950183978473078,0.009775790346323943,1.1710088280105804,4.045485374001741,-0.5063150949818613,2.268187164266757,3.2500689753594068,2.245574826960732
p,0.2461981259079724,0.005521888026977362,2.4145732663544956e-05,0.08999989570100912,0.007681682069427288,0.7182349296073772,0.011964441521267287,0.00029172078474021956,0.6230382304692763,0.2260865110474313,0.051560400072569776,0.2344127251916892,0.00041599494757245604,0.8470146114697221,0.6040392318385678,0.045365026996733095,0.004573583066417283,0.03326794978742466,1.765658254737949e-05,0.3282489943159733,0.9922694931384037,0.2514647591297663,0.00037191681159979575,0.616599154772725,0.031224420317593284,0.0029989322725646433,0.032809165085998356
