,DC!=0,DE!=0,DE!=DC,cued_task_switching!=0,directed_forgetting!=0,flanker!=0,predictable_task_switching!=0,n_back!=0,shape_matching!=0,cued_task_switching: DC!=0,cued_task_switching: DE!=0,directed_forgetting: DC!=0,directed_forgetting: DE!=0,flanker: DC!=0,flanker: DE!=0,predictable_task_switching: DC!=0,predictable_task_switching: DE!=0,n_back: DC!=0,n_back: DE!=0,shape_matching: DC!=0,shape_matching: DE!=0,cued_task_switching: DE!=DC,directed_forgetting: DE!=DC,flanker: DE!=DC,predictable_task_switching: DE!=DC,n_back: DE!=DC,shape_matching: DE!=DC
mean,0.012989217761577838,-0.008564767461651128,-0.021553985223228957,-0.00583418104644236,0.07944893711523492,-0.010609835993605654,-0.016066391758783004,-0.023577868037357574,-0.01008730937926618,0.010094502765304946,-0.021762864858189665,0.10114575534969969,0.05775211888077011,-0.004968318546993989,-0.016251353440217314,-0.015378877356859624,-0.01675390616070638,-0.0022892951013153066,-0.04486644097339984,-0.0106684605403687,-0.009506158218163663,-0.031857367623494615,-0.04339363646892959,-0.01128303489322332,-0.0013750288038467536,-0.04257714587208452,0.001162302322205037
t,1.9692623032905583,-1.198017006683796,-3.5496582662691742,-0.711598217502098,4.180373752560879,-1.722567731469341,-2.2081069990075033,-3.063859767817356,-1.32333406227134,0.8086271273035956,-2.8689331848724553,4.517395175677124,2.2509272673038985,-0.72218120452303,-2.571282729591176,-2.0001431894568436,-2.190190279681173,-0.23588232167554174,-4.609143738432692,-1.439667736112014,-1.1439069591440838,-2.5353445338457528,-1.467457159416969,-2.3628506327704932,-0.2836333460146962,-3.5854881408384194,0.2949531501838169
p,0.053545844046911456,0.23562146913146118,0.0007569678777976978,0.47947124095112525,9.606547889637185e-05,0.09011797241595473,0.031069801682363007,0.003270597673954502,0.19074502217082764,0.42192446302661213,0.005678006817758247,2.9916805036733324e-05,0.028066372287840823,0.47298844411214946,0.012628913249080416,0.05001715429582353,0.03240817069045584,0.8143273210357849,2.1633461139353602e-05,0.15515870049012875,0.2572055070685477,0.013857723793312442,0.14747437365035995,0.021394036765342368,0.7776678078581473,0.0006763630760223716,0.7690478695209875
