,DC!=0,DE!=0,DE!=DC,cued_task_switching!=0,directed_forgetting!=0,flanker!=0,predictable_task_switching!=0,n_back!=0,shape_matching!=0,cued_task_switching: DC!=0,cued_task_switching: DE!=0,directed_forgetting: DC!=0,directed_forgetting: DE!=0,flanker: DC!=0,flanker: DE!=0,predictable_task_switching: DC!=0,predictable_task_switching: DE!=0,n_back: DC!=0,n_back: DE!=0,shape_matching: DC!=0,shape_matching: DE!=0,cued_task_switching: DE!=DC,directed_forgetting: DE!=DC,flanker: DE!=DC,predictable_task_switching: DE!=DC,n_back: DE!=DC,shape_matching: DE!=DC
mean,0.001842289693374223,-0.006761370658756649,-0.008603660352130874,-0.011063218390804604,0.007471264367816089,-0.0007183908045977149,0.003591954022988494,-0.013895173930630004,-0.00014367816091954546,-0.015804597701149427,-0.006321839080459779,0.01695402298850574,-0.0020114942528735597,0.0014367816091953895,-0.0028735632183908193,0.0022988505747126337,0.004885057471264354,0.012490519769440784,-0.04028086763070079,-0.006321839080459782,0.006034482758620691,0.00948275862068965,-0.0189655172413793,-0.004310344827586209,0.0025862068965517206,-0.05277138740014157,0.012356321839080473
t,0.305011089638726,-0.9544288047195497,-1.1329352391694927,-0.9781996674109915,0.43222631346517876,-0.10329765917023237,0.47563304720592436,-1.91423506849483,-0.02282686908145684,-0.9943980757563511,-0.632988228569548,0.7624199989816086,-0.07110919257345492,0.21023201393770358,-0.3551344041697455,0.2723964502231205,0.6386897410877751,1.1618202521735959,-4.729144788565233,-0.9782609889650604,0.8698110648433877,0.6824723368123864,-0.5079328061935708,-0.7754834430513237,0.4621247905424439,-4.102109780072847,2.6763222169133125
p,0.762613507503952,0.3480344911040366,0.2668498372595439,0.3363521932056819,0.6688875331341133,0.91846304624626,0.6380257308261764,0.0658607884292474,0.981950276979446,0.3285454730231733,0.5318775434486074,0.4521847105888428,0.9438163330457743,0.8350089520731989,0.7251501552237967,0.7873159581939234,0.5282150480675134,0.2551167415715649,5.815246993602094e-05,0.33632240424292315,0.39179943118183613,0.5005479890653701,0.6154787137828882,0.4445547444883866,0.6475626663573812,0.0003193768638668007,0.012299468160173315
