Source,SS,ddof1,ddof2,MS,F,p-unc,p-GG-corr,n2,eps
task,873918.2115181746,5,140,174783.64230363493,13.343856796586499,1.2309379445955305e-10,2.0234265155882373e-09,0.2945086382726376,0.857868477711806
context,64129.18849435568,1,28,64129.18849435568,36.83575096644357,1.5193052479949593e-06,1.5193052479949593e-06,0.021611404509115452,1.0
task * context,5183.471383835393,5,140,1036.6942767670785,1.024844152473549,0.40545013288558146,0.37355695323249083,0.0017468191858899123,0.46469272345259316
