Source,SS,ddof1,ddof2,MS,F,p-unc,p-GG-corr,n2,eps
task,349978.8670421999,5,265,69995.77340843997,8.156086154929756,3.531530279969283e-07,8.47029477423897e-06,0.06799481726889231,0.7356282605273387
context,26176.922208973232,2,106,13088.461104486616,4.50095597710905,0.013299724350479934,0.028715944681698812,0.005085721481710285,0.6392786801561757
task * context,34555.09632641767,10,530,3455.509632641767,0.8502607616506284,0.5802556165141297,0.502241321423573,0.006713455244543191,0.43385771297238074
