Source,SS,ddof1,ddof2,MS,F,p-unc,p-GG-corr,n2,eps
task,0.020209130073437494,5,140,0.004041826014687499,0.7727363535030082,0.5709293804022447,0.47655308564984944,0.013059335481773305,0.43670268013043073
context,0.006439998516570088,1,28,0.006439998516570088,1.2835422561520338,0.26684983725954514,0.26684983725954514,0.004161589381848427,1.0
task * context,0.04303949859963687,5,140,0.008607899719927373,1.991794305511141,0.08348260035081966,0.15550936183576589,0.027812540625820458,0.3261660038464435
