,DC!=0,DE!=0,DE!=DC,cued_task_switching!=0,directed_forgetting!=0,flanker!=0,predictable_task_switching!=0,n_back!=0,shape_matching!=0,cued_task_switching: DC!=0,cued_task_switching: DE!=0,directed_forgetting: DC!=0,directed_forgetting: DE!=0,flanker: DC!=0,flanker: DE!=0,predictable_task_switching: DC!=0,predictable_task_switching: DE!=0,n_back: DC!=0,n_back: DE!=0,shape_matching: DC!=0,shape_matching: DE!=0,cued_task_switching: DE!=DC,directed_forgetting: DE!=DC,flanker: DE!=DC,predictable_task_switching: DE!=DC,n_back: DE!=DC,shape_matching: DE!=DC
mean,32.03641793192066,39.89919354838709,7.862775616466435,22.598790322580644,111.27217741935482,3.627016129032258,9.808467741935486,36.795409709740454,31.704973118279568,23.659274193548388,21.538306451612904,108.61895161290322,113.92540322580643,4.312499999999998,2.941532258064516,3.8608870967741935,15.756048387096776,22.018910817330422,51.571908602150536,29.74798387096775,33.66196236559139,-2.120967741935484,5.306451612903226,-1.3709677419354838,11.89516129032258,29.5529977848201,3.913978494623654
t,6.816754263095878,7.764937907738999,2.9164169416872,3.2817624704674717,12.597671202114292,0.8164466729064271,1.7973512745396643,5.073005853537434,5.878022207472379,2.994767145491195,3.0345687199473788,11.264009545833721,11.434692323369049,0.8631656936270838,0.599938329014305,0.6565776131618825,2.4270062353672923,2.9445756325126555,5.6079418917624375,5.419131520157441,5.6416951116882945,-0.3539761296591262,0.623499221187781,-0.3140118696143728,2.030338939251896,3.518675425712101,1.0073530188719744
p,4.780264643792563e-09,1.1168299421375592e-10,0.0049485219125024295,0.0017091859080941108,1.2652409760640502e-18,0.41742176240474926,0.07722999862591211,3.924934584971681e-06,1.872007394548448e-07,0.003964416307698595,0.0035373709876088226,1.544668145256026e-16,8.250121420477532e-17,0.3914275134607391,0.5507695514254864,0.5139219447429453,0.01819273667803986,0.004571333952158518,5.268483564257705e-07,1.0777199843343092e-06,4.6325100179436947e-07,0.7245773989949535,0.5352810452022891,0.75458341261802,0.0466885164329415,0.0008260655442445582,0.3177444532861439
