Source,SS,ddof1,ddof2,MS,F,p-unc,p-GG-corr,n2,eps
task,0.013715655713470191,5,140,0.0027431311426940382,0.8906168129615067,0.48925177421701826,0.4501123673255044,0.022476334841354896,0.6044624011785762
context,0.0009161580508687306,1,28,0.0009161580508687306,0.9527985258836071,0.337366444118093,0.337366444118093,0.0015013409164758554,1.0
task * context,0.0029533205790430632,5,140,0.0005906641158086127,0.6147572449737786,0.6887457973220982,0.4971992706596333,0.004839711904057505,0.2935511604700557
