,DC!=0,DE!=0,DE!=DC,predictable_task_switching!=0,n_back!=0,flanker!=0,shape_matching!=0,cued_task_switching!=0,directed_forgetting!=0,predictable_task_switching: DC!=0,predictable_task_switching: DE!=0,n_back: DC!=0,n_back: DE!=0,flanker: DC!=0,flanker: DE!=0,shape_matching: DC!=0,shape_matching: DE!=0,cued_task_switching: DC!=0,cued_task_switching: DE!=0,directed_forgetting: DC!=0,directed_forgetting: DE!=0,predictable_task_switching: DE!=DC,n_back: DE!=DC,flanker: DE!=DC,shape_matching: DE!=DC,cued_task_switching: DE!=DC,directed_forgetting: DE!=DC
mean,0.5346646482598203,21.25790550687216,20.72324085861234,25.559425528480578,35.48326730835629,-37.135097339146,34.23042538012725,49.68696398923627,-42.44727440165846,10.240296402437114,40.87855465452404,42.04616493406028,28.920369682652304,-53.35244809745393,-20.917746580838077,25.958312985288572,42.50253777496593,28.62593680071942,70.74799117775314,-50.31027513549253,-34.58427366782438,30.638258252086935,-13.125795251407986,32.434701516615846,16.544224789677354,42.12205437703372,15.726001467668148
t,0.023664461615468955,0.9372799048758387,2.9967345047215592,1.0540740759964675,1.1192058345099365,-1.5924266307016512,1.3971076252548331,1.5855752224648452,-1.4117283053482514,0.3957234428064595,1.6962401840845327,1.176400413115828,0.9194594521111568,-2.1577501132712786,-0.9213130675026524,1.054627064347249,1.6507391431845269,0.9485093562753466,2.120979526273576,-1.594570098954554,-1.14456550999982,2.5104282553855937,-0.5795232100071606,3.6617406280493126,1.4167451311815058,3.8622849561235095,1.1100228869362256
p,0.9813958103738905,0.36174047580534663,0.008110964574412086,0.3066007136063903,0.2786174174969604,0.12971124772542242,0.18035208826288857,0.13126032922938147,0.1760718246328123,0.6972311789827836,0.1080738207908061,0.25564577040471337,0.3707183495788733,0.045545664053212635,0.36977753146904435,0.30635485236904053,0.11714329635477654,0.3561600119318332,0.048928383088952955,0.12922980336634624,0.26824904053975046,0.022462938322392267,0.5698371712628725,0.001931829860410906,0.17462228211928105,0.0012499067471517702,0.28244434012933467
