,DC!=0,DE!=0,DE!=DC,predictable_task_switching!=0,n_back!=0,flanker!=0,shape_matching!=0,cued_task_switching!=0,directed_forgetting!=0,predictable_task_switching: DC!=0,predictable_task_switching: DE!=0,n_back: DC!=0,n_back: DE!=0,flanker: DC!=0,flanker: DE!=0,shape_matching: DC!=0,shape_matching: DE!=0,cued_task_switching: DC!=0,cued_task_switching: DE!=0,directed_forgetting: DC!=0,directed_forgetting: DE!=0,predictable_task_switching: DE!=DC,n_back: DE!=DC,flanker: DE!=DC,shape_matching: DE!=DC,cued_task_switching: DE!=DC,directed_forgetting: DE!=DC
mean,-0.03677177157226564,-0.06227358859768181,-0.025501817025416176,-0.06466227785831144,-0.10273666333981767,-0.010999782675348412,-0.01939089354403345,-0.049713619196202485,-0.049632843896128924,-0.05740556987060929,-0.07191898584601358,-0.08364846214377332,-0.12182486453586198,-0.004077524729698652,-0.017922040620998173,-0.015366268474582754,-0.02341551861348414,-0.03654855164517002,-0.06287868674723496,-0.02358425256975982,-0.07568143522249803,-0.014513415975404285,-0.038176402392088665,-0.01384451589129952,-0.008049250138901388,-0.026330135102064924,-0.05209718265273822
t,-6.853164250988187,-8.847397932943144,-3.103916171552559,-7.099301054594006,-8.305079916647095,-2.174948921052033,-2.74922033146485,-5.65551084287449,-4.75157250962712,-4.25756272287698,-6.637283778825293,-3.72964136534812,-5.441355663199229,-0.8323968089977654,-2.583988629795959,-2.001441340864511,-2.382294242438951,-3.480416416392634,-5.493412956992195,-2.8098404842351563,-3.806979835060653,-0.8889186179566245,-1.0216076514883898,-2.1390776663098556,-0.7601879623767962,-1.9989334148326592,-2.341920513168488
p,2.8302120427473787e-07,2.545484768676037e-09,0.004566518747054905,1.539421913440242e-07,8.706300413901217e-09,0.03891766197797966,0.010719848546760872,6.014190089229862e-06,6.47514011289495e-05,0.00023818506140233566,4.856461757384657e-07,0.0009424259421103786,1.052508151620393e-05,0.4127658103084254,0.015737656824572448,0.05588338199491695,0.02480645829320114,0.0017826718432945574,9.183923935886088e-06,0.009289854911890338,0.000771858194576911,0.38219756019835893,0.3163788588391699,0.04198945944447403,0.45398095936863747,0.05617041839378821,0.027119203797064072
