Source,SS,ddof1,ddof2,MS,F,p-unc,p-GG-corr,n2,eps
task,45.73666666666667,5,120,9.147333333333334,1.5012445635821554,0.1944830855138931,0.23586446022990928,0.049316200916524396,0.2753320561628374
context,0.9633333333333329,1,24,0.9633333333333329,0.8370745836350489,0.369336130874349,0.369336130874349,0.0010387276484859372,1.0
task * context,10.536666666666674,5,120,2.107333333333335,2.270425570120304,0.05176379970679515,0.11260414756673913,0.011361308293647236,0.4110851714623253
