Source,SS,ddof1,ddof2,MS,F,p-unc,p-GG-corr,n2,eps
task,15210.188263212192,5,135,3042.0376526424384,1.0916633445976631,0.3679311036489369,0.36311994737184167,0.010967328470943285,0.750427384604916
context,2394.1883457785,2,54,1197.09417288925,0.6291640194601166,0.5368989175407735,0.5289141439397628,0.0017263330048954855,0.9480153312239639
task * context,32234.336832943343,10,270,3223.4336832943345,1.0142627643724587,0.4314795363356025,0.4037151802255329,0.023242615671297127,0.40314347820243196
