Source,SS,ddof1,ddof2,MS,F,p-unc,p-GG-corr,n2,eps
task,0.16162497484245147,5,150,0.0323249949684903,6.0417101871549415,3.997187064752366e-05,0.0035615497047240137,0.08458019676098417,0.41690000852491077
context,0.028298141662201723,1,30,0.028298141662201723,5.026824948563263,0.03250427615296286,0.03250427615296286,0.014808740988775533,1.0
task * context,0.027310682900819463,5,150,0.005462136580163893,1.1344070480274362,0.3446775928970325,0.32370607310981653,0.014291992531970004,0.35277770998487984
