Source,SS,ddof1,ddof2,MS,F,p-unc,p-GG-corr,n2,eps
task,216774.3892996608,5,75,43354.87785993216,4.766503967805002,0.0007767013201190605,0.0027262978335254326,0.12645180142814647,0.7469487884043252
context,1646.8880824396401,2,30,823.4440412198201,0.3573305943040653,0.7024782555459419,0.5995569117000331,0.0009606852795103879,0.6090249702507655
task * context,27817.376941559392,10,150,2781.737694155939,0.5821705765981801,0.8266875418049884,0.6375933871585915,0.016226812755096402,0.31480570820838744
