Source,SS,ddof1,ddof2,MS,F,p-unc,p-GG-corr,n2,eps
task,443357.0538241889,5,150,88671.41076483778,28.149390755455997,4.779822703708545e-20,9.587881567249205e-15,0.37010220851715403,0.7017278890544191
context,8006.93431100574,1,30,8006.93431100574,5.1696527210733185,0.03030656624536087,0.03030656624536087,0.006683967349553249,1.0
task * context,11105.536691172003,5,150,2221.1073382344007,1.5389273064945748,0.18106429945791752,0.20022333427917824,0.009270594931824224,0.7320534220496637
