,DC!=0,DE!=0,DE!=DC,predictable_task_switching!=0,n_back!=0,flanker!=0,shape_matching!=0,cued_task_switching!=0,directed_forgetting!=0,predictable_task_switching: DC!=0,predictable_task_switching: DE!=0,n_back: DC!=0,n_back: DE!=0,flanker: DC!=0,flanker: DE!=0,shape_matching: DC!=0,shape_matching: DE!=0,cued_task_switching: DC!=0,cued_task_switching: DE!=0,directed_forgetting: DC!=0,directed_forgetting: DE!=0,predictable_task_switching: DE!=DC,n_back: DE!=DC,flanker: DE!=DC,shape_matching: DE!=DC,cued_task_switching: DE!=DC,directed_forgetting: DE!=DC
mean,13.299216224868736,27.40498422925033,14.10576800438159,2.0994651157694575,35.96614827579939,2.5703920501267232,21.34660367490844,23.176388192692535,36.95360405306064,-2.7563041149997733,6.955234346538688,16.379847367925905,55.55244918367287,3.0118452530871824,2.1289388471662645,18.489785628648914,24.203421721167974,16.301388192692535,30.051388192692535,28.368735021857656,45.53847308426361,9.711538461538462,39.17260181574697,-0.882906405920918,5.713636092519057,13.75,17.169738062405955
t,1.8561174301628518,3.2903759192016366,3.0519391717386646,0.2124592398825777,3.5512254224047997,0.3661780362857777,2.203832337380988,2.0614967533336657,2.9790030547980013,-0.24665924887147217,0.723002569760742,1.6284912081216258,3.9730787459840258,0.37420900209357677,0.26486020486580547,1.9470640180506533,2.223390481483731,1.3510376518333236,2.3639361258475895,1.8880157273970442,3.0815287588526896,1.4602176107346474,2.8953026066529626,-0.11241751074284603,0.8808493740268935,1.318191950540555,1.0395233029174686
p,0.07526165927644796,0.0029751281367917577,0.005327943463100755,0.8334715722273132,0.0015523243041097032,0.7173128652738601,0.03696700697079532,0.04979869103795615,0.006350240039406943,0.8071861161290841,0.47638860452205944,0.11595916654222181,0.0005308947110716999,0.7114040469063605,0.793288715739126,0.06284443892340481,0.035458914652278635,0.18878490643008672,0.02616155226823751,0.07068313046861238,0.004959831376200109,0.1566841309756885,0.007753792790403855,0.911390175316011,0.3867893731916018,0.19939022066730802,0.3085112614156911
