Source,SS,ddof1,ddof2,MS,F,p-unc,p-GG-corr,n2,eps
task,0.21462757140672856,5,80,0.04292551428134571,11.788070020963229,1.4883142891278673e-08,2.479512368767944e-06,0.18120976916982223,0.6639764920999308
context,0.05037590289616826,1,16,0.05037590289616826,10.468154800600514,0.00517705978617086,0.00517705978617086,0.042532306896567944,1.0
task * context,0.039652245812214236,5,80,0.007930449162442847,1.240471197247041,0.29811404851256257,0.3053278419279392,0.0334783376786191,0.5205058183889941
