Source,SS,ddof1,ddof2,MS,F,p-unc,p-GG-corr,n2,eps
task,46219.4021271967,5,80,9243.88042543934,2.526220636306585,0.03557014547527265,0.056415482784367234,0.06982888020084739,0.7170330867544683
context,10212.41084891486,1,16,10212.41084891486,2.187106625839402,0.15858804519684477,0.15858804519684477,0.01542904453346641,1.0
task * context,18338.077893628357,5,80,3667.615578725671,1.3356120003067953,0.25779099795596255,0.26646366136682575,0.027705409101224324,0.7985698128157003
