,DC!=0,DE!=0,DE!=DC,predictable_task_switching!=0,n_back!=0,flanker!=0,shape_matching!=0,cued_task_switching!=0,directed_forgetting!=0,predictable_task_switching: DC!=0,predictable_task_switching: DE!=0,n_back: DC!=0,n_back: DE!=0,flanker: DC!=0,flanker: DE!=0,shape_matching: DC!=0,shape_matching: DE!=0,cued_task_switching: DC!=0,cued_task_switching: DE!=0,directed_forgetting: DC!=0,directed_forgetting: DE!=0,predictable_task_switching: DE!=DC,n_back: DE!=DC,flanker: DE!=DC,shape_matching: DE!=DC,cued_task_switching: DE!=DC,directed_forgetting: DE!=DC
mean,-23.40189420216735,-14.154671060238178,9.24722314192918,41.43817204301076,10.099121417084476,-42.8763440860215,-7.5537634408602115,54.0994623655914,-167.8763440860215,27.244623655913983,55.631720430107535,29.091322959038887,-8.893080124869925,-54.44892473118281,-31.303763440860216,-22.997311827956985,7.889784946236563,47.40591397849463,60.793010752688176,-166.70698924731184,-169.0456989247312,28.387096774193548,-37.9844030839088,23.14516129032258,30.887096774193548,13.387096774193548,-2.338709677419355
t,-0.9758996692017541,-0.596448565705434,2.959880669158811,1.6676638740602943,0.3641065098778512,-1.5410105355084447,-0.2830488891883439,1.9496158658449487,-5.712970714802593,1.089087841675838,2.200283627055413,0.9609341521087407,-0.3291621218885655,-1.965296605725572,-1.111409863459196,-0.8433852639603345,0.29849159789475055,1.729132266137186,2.143304723225388,-5.607074406083508,-5.79256098476483,3.651064656193995,-2.586913813780336,4.6117485932517965,5.178082250735151,2.353832589801128,-0.5621027709605022
p,0.33691834292517164,0.5553500534705025,0.00596070874540521,0.10578946604965432,0.7183322420216636,0.13379735855835567,0.7790833593892309,0.06062355674530482,3.1176982659119137e-06,0.2847868095995274,0.03562635400604618,0.34426686234164905,0.7443201926637266,0.0586979283000597,0.27522003408445683,0.4056876761481034,0.7673857653976877,0.09406483280212724,0.04031723085363698,4.199740728559023e-06,2.493057056380664e-06,0.000986372523502611,0.01477752973598837,6.957160722425698e-05,1.408845477915795e-05,0.025325890907958715,0.5782220699408777
