Source,SS,ddof1,ddof2,MS,F,p-unc,p-GG-corr,n2,eps
task,1050954.472112381,5,155,210190.89442247618,17.81678904815269,6.235876398637566e-14,1.34147390410249e-11,0.3398823802834011,0.8016115683688725
context,59357.99069738718,1,31,59357.99069738718,44.82967531841543,1.7250451455391553e-07,1.7250451455391553e-07,0.019196583393871897,1.0
task * context,7816.834097388397,5,155,1563.3668194776794,2.3222628385621693,0.04566997440817063,0.06285399809685731,0.0025279916968817292,0.7714597692845082
