,DC!=0,DE!=0,DE!=DC,predictable_task_switching!=0,n_back!=0,flanker!=0,shape_matching!=0,cued_task_switching!=0,directed_forgetting!=0,predictable_task_switching: DC!=0,predictable_task_switching: DE!=0,n_back: DC!=0,n_back: DE!=0,flanker: DC!=0,flanker: DE!=0,shape_matching: DC!=0,shape_matching: DE!=0,cued_task_switching: DC!=0,cued_task_switching: DE!=0,directed_forgetting: DC!=0,directed_forgetting: DE!=0,predictable_task_switching: DE!=DC,n_back: DE!=DC,flanker: DE!=DC,shape_matching: DE!=DC,cued_task_switching: DE!=DC,directed_forgetting: DE!=DC
mean,0.007857585713768501,-0.005070191158900841,-0.01292777687266934,0.00810185185185184,-0.01571189040947106,-0.00023148148148149298,0.000694444444444442,0.0025462962962962917,0.012962962962962959,0.008796296296296286,0.007407407407407394,0.014275143912240681,-0.04569892473118281,0.0032407407407407324,-0.003703703703703718,-0.005092592592592605,0.006481481481481489,0.004629629629629626,0.0004629629629629582,0.02129629629629629,0.004629629629629635,-0.0013888888888888933,-0.05997406864342349,-0.006944444444444451,0.011574074074074094,-0.0041666666666666675,-0.01666666666666666
t,0.9386874157496854,-0.5284014315657707,-1.3259443547765686,0.8422415618573696,-1.6798438189241234,-0.025817357985251456,0.09245003270420452,0.172101298667327,0.6054475512040665,0.8879257443282642,0.7327704268444105,0.9252957041762958,-4.310293490549605,0.3459039259653983,-0.3645012417101033,-0.6632540256046358,0.7834162497968467,0.2343998275259125,0.03501205033810456,0.7625350023698358,0.11981469832956773,-0.25139018680589975,-3.2015739566371484,-0.8929576464474501,2.1451244990677485,-0.26129120224278113,-0.3200150598865884
p,0.3610377558769847,0.6040511676717205,0.20239949087689674,0.41134560775341633,0.11126984328242498,0.9797036584660188,0.9274212366079504,0.8653900639311634,0.5528794224215086,0.38697137309469753,0.4736819673095146,0.3677615867853965,0.00047435045835155073,0.7336586819028696,0.7199782441288367,0.5160616361865715,0.4441609028462383,0.8174743926304564,0.9724779581153651,0.4561916985226243,0.9060345228123646,0.8045260820043123,0.00522981467541163,0.384346478817817,0.04668221037718931,0.797007153231519,0.7528565170683427
