,DCvs.0,DEvs.0,DEvs.DC,predictable_task_switchingvs.0,n_backvs.0,flankervs.0,shape_matchingvs.0,cued_task_switchingvs.0,directed_forgettingvs.0,predictable_task_switching: DCvs.0,predictable_task_switching: DEvs.0,n_back: DCvs.0,n_back: DEvs.0,flanker: DCvs.0,flanker: DEvs.0,shape_matching: DCvs.0,shape_matching: DEvs.0,cued_task_switching: DCvs.0,cued_task_switching: DEvs.0,directed_forgetting: DCvs.0,directed_forgetting: DEvs.0,predictable_task_switching: DEvs.DC,n_back: DEvs.DC,flanker: DEvs.DC,shape_matching: DEvs.DC,cued_task_switching: DEvs.DC,directed_forgetting: DEvs.DC
mean,0.24666666666666665,0.35999999999999993,0.11333333333333334,0.42,0.18,0.04,0.04,1.12,0.02,0.56,0.28,0.28,0.08,0.0,0.08,0.0,0.08,0.68,1.56,-0.04,0.08,-0.28,-0.2,0.08,0.08,0.88,0.12
t,1.6017716257600876,1.489737839510261,0.9149178015729318,1.4020786945375345,1.250080383267502,0.2833152987899314,0.3029491750720973,1.3697637314012925,0.15697342795578148,1.8993056529137653,0.8376578325255536,1.0454361783360946,0.4923659639173309,0.0,0.492365963917331,0.0,0.5694947974514993,1.2101764445844363,1.4461813017430325,-0.3273268353539886,0.5267415375673765,-1.4288690166235207,-0.5940885257860047,0.6998542122237651,1.4446302370292303,1.6501289213581685,1.1407036509440602
p,0.12228788752099069,0.1493185881354722,0.369336130874349,0.17369382025903213,0.2233226271744123,0.7793646662151041,0.7645389550694487,0.1834410132638284,0.8765788780036303,0.06960828889627177,0.4104874946011591,0.30623721691665723,0.6269347060620423,1.0,0.626934706062042,1.0,0.5743125999891951,0.23799585547208105,0.16106045405726546,0.7462587084883723,0.6032080381475132,0.1659288821288708,0.5580118777783933,0.4907470283676453,0.16149190247285344,0.11194475595215234,0.26524877347877074
d,0.3203543251520175,0.2979475679020522,0.1829835603145864,0.28041573890750693,0.25001607665350045,0.05666305975798628,0.060589835014419474,0.2739527462802585,0.031394685591156296,0.3798611305827531,0.16753156650511067,0.2090872356672189,0.09847319278346618,0.0,0.09847319278346624,0.0,0.11389895949029989,0.24203528891688728,0.2892362603486065,-0.06546536707079773,0.10534830751347532,-0.2857738033247042,-0.11881770515720094,0.139970842444753,0.28892604740584615,0.3300257842716337,0.22814073018881195
