Source,SS,ddof1,ddof2,MS,F,p-unc,p-GG-corr,n2,eps
task,277267.04378048144,5,140,55453.40875609629,5.755671894075036,7.307332037462166e-05,0.0003921936532978478,0.08426346839242396,0.762098378928959
context,5456.343821237974,2,56,2728.171910618987,0.5451907053042571,0.5827768762980183,0.5033313808285029,0.0016582225166402915,0.6248960278648672
task * context,11582.255399003505,10,280,1158.2255399003504,0.2372189880488438,0.9923087178116962,0.9192495560999839,0.0035199315375526704,0.40693644760053876
