Source,SS,ddof1,ddof2,MS,F,p-unc,p-GG-corr,n2,eps
task,0.2944577995223068,5,130,0.058891559904461356,14.982723951682278,1.329976534292534e-11,4.062006676728187e-09,0.1682817844574774,0.7387270294496906
context,0.052677756399422175,1,26,0.052677756399422175,9.634295600025471,0.004566518747054956,0.004566518747054956,0.03010518608266484,1.0
task * context,0.019303304618697066,5,130,0.0038606609237394132,0.6873189893697671,0.6338779751270407,0.5340667895817299,0.011031783000587573,0.4871373348935916
