,DC!=0,DE!=0,DE!=DC,predictable_task_switching!=0,n_back!=0,flanker!=0,shape_matching!=0,cued_task_switching!=0,directed_forgetting!=0,predictable_task_switching: DC!=0,predictable_task_switching: DE!=0,n_back: DC!=0,n_back: DE!=0,flanker: DC!=0,flanker: DE!=0,shape_matching: DC!=0,shape_matching: DE!=0,cued_task_switching: DC!=0,cued_task_switching: DE!=0,directed_forgetting: DC!=0,directed_forgetting: DE!=0,predictable_task_switching: DE!=DC,n_back: DE!=DC,flanker: DE!=DC,shape_matching: DE!=DC,cued_task_switching: DE!=DC,directed_forgetting: DE!=DC
mean,18.98903783537037,43.854926178596415,24.86588834322604,67.2068666297738,63.22267522685675,-25.647664617141903,35.7814943486131,97.27386469373283,-49.3053442399342,45.65259379906651,88.76113946048112,55.85719209837592,70.58815835533763,-35.822857847505354,-15.47247138677846,21.861808694001123,49.70118000322505,85.95139929774697,108.59633008971863,-59.56590902946294,-39.04477945040546,43.10854566141461,14.73096625696169,20.350386460726895,27.839371309223928,22.644930791971664,20.52112957905748
t,0.8399695670150753,1.9571502645810928,6.695496644642215,2.6381497054452567,2.491325549236834,-0.9862623978607387,1.4245868987494403,3.795226524214787,-1.8859918680282228,1.7923285072552897,3.3960632779658866,2.0708621015872963,2.8495704991406057,-1.363940233619682,-0.5980857669623983,0.8654914261238843,1.9704572334574209,3.2317870391571075,4.324593519707273,-2.2950243566531383,-1.4657237177926143,5.2321757111396625,1.4285206390916112,5.619996383265708,5.565897314804274,3.2649007707294286,3.58999723641497
p,0.40735719527898895,0.0593867931297427,1.7250451455392612e-07,0.01291986759189114,0.0182870826963448,0.33164007628718417,0.1642666502246826,0.0006431857050432174,0.06869607519107797,0.08284554216601295,0.0018908684219194544,0.046785485810376844,0.007712834145255106,0.1824085275353868,0.5541275114805271,0.3934179827266123,0.057773299646257645,0.002913469283962091,0.00014709575161177613,0.028660775821332505,0.1527940397748357,1.1036816303065957e-05,0.1631409294106181,3.6309436979225636e-06,4.239298930701564e-06,0.002671965999715841,0.0011248111472904223
