Source,SS,ddof1,ddof2,MS,F,p-unc,p-GG-corr,n2,eps
task,0.5375513178925642,5,145,0.10751026357851283,10.89610230373482,6.4903965478430765e-09,0.00047711839570931493,0.17506950171405472,0.3018656192249913
context,0.024841737162598767,1,29,0.024841737162598767,3.6513997779649916,0.06595305548458472,0.06595305548458472,0.008090447185243224,1.0
task * context,0.021524907298254712,5,145,0.004304981459650943,0.7270290541702906,0.6042275609720746,0.456998832045563,0.007010223340015736,0.31292391650442697
