Source,SS,ddof1,ddof2,MS,F,p-unc,p-GG-corr,n2,eps
task,76173.03918722642,5,120,15234.607837445283,8.097658069638857,1.3042392921493054e-06,5.815506069447288e-05,0.1251664479108495,0.6508361350629767
context,4917.793232514977,1,24,4917.793232514977,1.7358559719493256,0.20010456445601787,0.20010456445601787,0.008080847463115734,1.0
task * context,8906.743133631779,5,120,1781.3486267263556,0.9508147871752307,0.45098148704169727,0.43354968748105804,0.014635432856379783,0.7387699124668948
