Source,SS,ddof1,ddof2,MS,F,p-unc,p-GG-corr,n2,eps
task,543712.5928957758,5,160,108742.51857915516,10.639854608107818,7.717314069007468e-09,1.0557603226742057e-07,0.20797916293286892,0.8332889931091558
context,46661.397995864245,1,32,46661.397995864245,17.332222114521475,0.00022094502368710271,0.00022094502368710271,0.017848765364751384,1.0
task * context,8418.582135099132,5,160,1683.7164270198264,0.9160766259766165,0.47214354284725946,0.4379625886712053,0.0032202485070548102,0.6144419986826586
