,DC!=0,DE!=0,DE!=DC,predictable_task_switching!=0,n_back!=0,flanker!=0,shape_matching!=0,cued_task_switching!=0,directed_forgetting!=0,predictable_task_switching: DC!=0,predictable_task_switching: DE!=0,n_back: DC!=0,n_back: DE!=0,flanker: DC!=0,flanker: DE!=0,shape_matching: DC!=0,shape_matching: DE!=0,cued_task_switching: DC!=0,cued_task_switching: DE!=0,directed_forgetting: DC!=0,directed_forgetting: DE!=0,predictable_task_switching: DE!=DC,n_back: DE!=DC,flanker: DE!=DC,shape_matching: DE!=DC,cued_task_switching: DE!=DC,directed_forgetting: DE!=DC
mean,29.135973204081242,50.846045808369716,21.710072604288467,53.2904257771006,54.89106120294535,-11.003216805612004,55.23071088832568,93.6583391364789,-6.121263161885693,39.650980085818425,66.92987146838277,53.811303071148444,55.97081933474226,-25.924347188335624,3.917913577111616,43.74904742642728,66.7123743502241,80.1247271693319,107.19195110362593,-16.595871339902974,4.353345016131579,27.278891382564332,2.1595162635938143,29.842260765447236,22.96332692379684,27.067223934294006,20.949216356034547
t,1.5031724395837383,2.616712701388482,4.163198543730691,2.5281253517431845,2.2101846358284867,-0.5113849434334475,2.742402181824412,4.146098229042101,-0.26022663078672303,1.8340325912846143,3.152427926978011,1.97861721383537,2.2246562720867495,-1.1652197132624569,0.18409747824191733,2.1277660174056434,3.244875767491969,3.452636119412933,4.685009855854885,-0.681496130286721,0.1766331986881948,3.550265592784301,0.12950469091846073,4.500291649926263,2.7749929283203,2.9721413002114163,1.5293674635964374
p,0.1426003987058136,0.013440581437070331,0.00022094502368711196,0.01659988490624805,0.034363875491806,0.6125923161828661,0.009904232674792917,0.00023191607264842965,0.796356144495934,0.07596352040170526,0.0035061956309976293,0.05652054627461906,0.033280383319362734,0.2525427129306332,0.8550986688042767,0.04115705450110079,0.0027522474767886955,0.0015825889343333733,4.952687320073221e-05,0.5004603780691883,0.8609097021599553,0.0012153008919856623,0.8977689242825524,8.435517345789428e-05,0.009140653936710102,0.005576835792469406,0.135999583547759
