,DC!=0,DE!=0,DE!=DC,predictable_task_switching!=0,n_back!=0,flanker!=0,shape_matching!=0,cued_task_switching!=0,directed_forgetting!=0,predictable_task_switching: DC!=0,predictable_task_switching: DE!=0,n_back: DC!=0,n_back: DE!=0,flanker: DC!=0,flanker: DE!=0,shape_matching: DC!=0,shape_matching: DE!=0,cued_task_switching: DC!=0,cued_task_switching: DE!=0,directed_forgetting: DC!=0,directed_forgetting: DE!=0,predictable_task_switching: DE!=DC,n_back: DE!=DC,flanker: DE!=DC,shape_matching: DE!=DC,cued_task_switching: DE!=DC,directed_forgetting: DE!=DC
mean,-0.034364481368274136,-0.06579317529413835,-0.03142869392586419,-0.07475792966101216,-0.09914547793196057,-0.0061005464525453815,-0.013547670808636355,-0.05196184030145534,-0.05495950483162759,-0.06420760107662786,-0.08530825824539648,-0.07187194648455368,-0.12641900937936745,0.0017902813299232698,-0.013991374235014032,-0.019714014168180284,-0.0073813274490924265,-0.034450275498868865,-0.0694734051040418,-0.017733332311337426,-0.09218567735191775,-0.021100657168768626,-0.05454706289481377,-0.0157816555649373,0.01233268671908786,-0.03502312960517295,-0.07445234504058036
t,-7.650650378738074,-7.375140181875865,-3.235452796843206,-6.3828139239343535,-7.053472646762316,-1.2288874985724945,-2.1678299766108284,-5.0801936359377695,-3.985432913927428,-3.5786631113093663,-4.5537405388552274,-3.012258839970997,-4.09247875132502,0.29774405603422976,-1.9739993719358577,-1.9540904506503927,-1.6200767833150471,-2.828230616382766,-5.152756454295731,-1.7943368766721368,-3.4433433951843955,-0.7474252243446813,-1.1482390282731036,-1.8320289754468968,1.3083238870070641,-2.2521050760943866,-2.5268250438440987
p,9.84877899424734e-07,1.5666576088797506e-06,0.005177059786170849,9.074074513210738e-06,2.72828750501627e-06,0.23688226933120346,0.045597857559189554,0.00011136498990168494,0.0010641256182491086,0.002509836616860195,0.0003253476198432848,0.008265350146864454,0.0008498565583871713,0.7697298563996638,0.065905360903297,0.06839931804152004,0.12475483542687715,0.012114257468418007,9.629723989074257e-05,0.0916753021195603,0.003340184323326348,0.4656505427731623,0.2677481340548464,0.08562734514323203,0.20924732231117024,0.0387140424001776,0.02242879982157436
