,DC!=0,DE!=0,DE!=DC,predictable_task_switching!=0,n_back!=0,flanker!=0,shape_matching!=0,cued_task_switching!=0,directed_forgetting!=0,predictable_task_switching: DC!=0,predictable_task_switching: DE!=0,n_back: DC!=0,n_back: DE!=0,flanker: DC!=0,flanker: DE!=0,shape_matching: DC!=0,shape_matching: DE!=0,cued_task_switching: DC!=0,cued_task_switching: DE!=0,directed_forgetting: DC!=0,directed_forgetting: DE!=0,predictable_task_switching: DE!=DC,n_back: DE!=DC,flanker: DE!=DC,shape_matching: DE!=DC,cued_task_switching: DE!=DC,directed_forgetting: DE!=DC
mean,0.01249827799972448,0.013016507501996039,0.0005182295022715597,0.016299019607843135,0.00754925846594587,0.006004901960784314,0.0023284313725490204,0.03394607843137255,0.01041666666666667,0.014828431372549019,0.017769607843137258,0.008935746429719428,0.006162770502172313,0.005269607843137255,0.006740196078431372,0.0015931372549019612,0.0030637254901960784,0.03394607843137255,0.033946078431372546,0.010416666666666666,0.01041666666666667,0.002941176470588235,-0.0027729759275471155,0.0014705882352941176,0.0014705882352941174,-8.163404592832033e-19,4.0817022964160166e-19
t,2.3548340591505634,2.4206198808268446,0.21000724486592748,1.7384878273016366,1.8073065818758303,1.1900006071433222,0.7551822018413062,1.6873705161517538,2.0693273953189797,1.6880617154008168,1.7226540715146081,1.3569559549919403,1.0458479426584097,1.0338211291938417,1.2929549577600732,0.47429779955448853,0.9999999999999999,1.618748581724576,1.7257645844672544,2.0166768818858944,1.6945859735114126,0.7460038465922509,-0.2983559495108173,0.6963106238227913,0.8081220356417681,-2.0857458796268974e-16,7.773115951059727e-17
p,0.03163167888614059,0.027755204740402103,0.8363129059266639,0.10132717392830087,0.08955301693646663,0.2514046893077069,0.46111254472043084,0.11092657612607211,0.055066168489144286,0.11079169494119787,0.10422025502958142,0.19363155563061943,0.31117498868626214,0.31659389047078396,0.21438529570980452,0.6416958694425647,0.3321949846529795,0.12504199292318974,0.10364630430192842,0.060833817665504206,0.10952551992002423,0.46648501916291074,0.7692712971371193,0.4962260924179861,0.43087227064869293,0.9999999999999998,1.0
