,DC!=0,DE!=0,DE!=DC,predictable_task_switching!=0,n_back!=0,flanker!=0,shape_matching!=0,cued_task_switching!=0,directed_forgetting!=0,predictable_task_switching: DC!=0,predictable_task_switching: DE!=0,n_back: DC!=0,n_back: DE!=0,flanker: DC!=0,flanker: DE!=0,shape_matching: DC!=0,shape_matching: DE!=0,cued_task_switching: DC!=0,cued_task_switching: DE!=0,directed_forgetting: DC!=0,directed_forgetting: DE!=0,predictable_task_switching: DE!=DC,n_back: DE!=DC,flanker: DE!=DC,shape_matching: DE!=DC,cued_task_switching: DE!=DC,directed_forgetting: DE!=DC
mean,11.633780213727334,25.78451694291296,14.15073672918562,20.585719078069506,48.423208410200864,-1.1316871602243415,18.28297475056297,10.309206430684334,15.785469960627525,3.886645593250135,37.28479256288888,26.322904509477116,70.52351231092462,-7.9635369720007585,5.700162651552075,19.826507118897663,16.739442382228273,14.446865945316066,6.171546916052604,13.283295087423786,18.28764483383126,33.398146969638745,44.200607801447504,13.663699623552832,-3.0870647366693866,-8.275319029263464,5.004349746407471
t,0.996702064802275,2.3637480420016974,1.4788869550575534,1.9566466966160159,2.4820617051032285,-0.1606637174351404,1.1708350906454037,0.7616465723426188,1.1203634010164212,0.2868321399638011,2.8711284447071477,1.1638565730896608,3.000009133224644,-0.564525334631345,0.7980975398707124,0.9976251337353768,0.9736045870150657,0.9284838969076885,0.39679546151159806,0.7490775537970773,1.1344936221489217,2.0643786115693157,1.7957667451935748,0.7868407249159525,-0.153247885145349,-0.5395987785964684,0.2657797581863765
p,0.3337449442773581,0.03107811270568354,0.15858804519684486,0.06807441423096941,0.024543402405386314,0.8743692851304713,0.2588081907972783,0.4573515170866772,0.2790948191082527,0.7779220301806629,0.011085222179016432,0.26154469504191635,0.008479337869083262,0.5802254829325793,0.436499977473937,0.3333106070487144,0.34474344638194454,0.366952919011046,0.6967607294356591,0.4646816204116485,0.2732990656362372,0.055586258583534,0.09143917479575399,0.4428745573029461,0.8801188908491826,0.5969040162353123,0.7938031011751466
