Source,SS,ddof1,ddof2,MS,F,p-unc,p-GG-corr,n2,eps
task,0.29618155925837086,5,135,0.059236311851674175,14.102929014339153,4.306611993537865e-11,3.001655930567144e-08,0.1565219406257998,0.6847291937467976
context,0.07044776136694118,1,27,0.07044776136694118,11.670266311366458,0.0020249716176067357,0.0020249716176067357,0.037229260152141765,1.0
task * context,0.03241457404566629,5,135,0.006482914809133258,1.1467414099094098,0.3389064598525682,0.3348634285989617,0.01713000649632098,0.5838445210900383
