,DC!=0,DE!=0,DE!=DC,predictable_task_switching!=0,n_back!=0,flanker!=0,shape_matching!=0,cued_task_switching!=0,directed_forgetting!=0,predictable_task_switching: DC!=0,predictable_task_switching: DE!=0,n_back: DC!=0,n_back: DE!=0,flanker: DC!=0,flanker: DE!=0,shape_matching: DC!=0,shape_matching: DE!=0,cued_task_switching: DC!=0,cued_task_switching: DE!=0,directed_forgetting: DC!=0,directed_forgetting: DE!=0,predictable_task_switching: DE!=DC,n_back: DE!=DC,flanker: DE!=DC,shape_matching: DE!=DC,cued_task_switching: DE!=DC,directed_forgetting: DE!=DC
mean,-0.04722195941918123,-0.09084749105936159,-0.04362553164018037,-0.1036171015818771,-0.136001302470622,-0.008255996767445685,-0.018893770261940245,-0.09954318881990044,-0.04789699153384297,-0.07642794773607386,-0.13080625542768037,-0.08090496894657445,-0.19109763599466956,-0.004085723768058757,-0.012426269766832612,-0.01509034426322722,-0.02269719626065327,-0.08999633293873995,-0.10909004470106094,-0.016826438862413116,-0.07896754420527283,-0.05437830769160649,-0.11019266704809506,-0.008340545998773855,-0.00760685199742605,-0.01909371176232102,-0.062141105342859694
t,-8.627098289133873,-13.261444256968124,-8.132225611044513,-10.064292954485902,-11.475852150813152,-2.7156233615462053,-2.3272706660344715,-7.616656396855368,-5.8418840671047425,-7.89827262429838,-9.856459521673493,-4.416098467135355,-12.035983549600159,-1.454895607558435,-3.248334731326748,-1.9142792506938875,-1.9998460295047849,-7.337508696307894,-6.919404173266928,-1.438360392540448,-7.126455454486875,-5.059259852023944,-4.448259041281256,-2.936095114784476,-0.6994662415718016,-1.7821721905038568,-3.9271033774403232
p,1.2870823257093455e-07,2.1494572812133352e-10,2.9176884357380194e-07,1.4093449876082106e-08,1.9864649935974344e-09,0.014687794422605463,0.03256176047373894,7.076008752124498e-07,1.961397949688128e-05,4.3427742759173677e-07,1.9129575192376856e-08,0.0003779051299211756,9.611669265598746e-10,0.16391458361908462,0.004728802671334357,0.07257071938357065,0.06175668320340049,1.1599806118296882e-06,2.480212448668689e-06,0.16848757034087244,1.6973210225033335e-06,9.68182162855755e-05,0.0003527305406316351,0.009228092901815418,0.4937212249274565,0.09259015489280836,0.0010859385032184986
