,DC!=0,DE!=0,DE!=DC,predictable_task_switching!=0,n_back!=0,flanker!=0,shape_matching!=0,cued_task_switching!=0,directed_forgetting!=0,predictable_task_switching: DC!=0,predictable_task_switching: DE!=0,n_back: DC!=0,n_back: DE!=0,flanker: DC!=0,flanker: DE!=0,shape_matching: DC!=0,shape_matching: DE!=0,cued_task_switching: DC!=0,cued_task_switching: DE!=0,directed_forgetting: DC!=0,directed_forgetting: DE!=0,predictable_task_switching: DE!=DC,n_back: DE!=DC,flanker: DE!=DC,shape_matching: DE!=DC,cued_task_switching: DE!=DC,directed_forgetting: DE!=DC
mean,27.8796367370968,46.51557941670123,18.635942679604412,53.8746407386871,53.441471816522956,-10.57567721994166,56.005021438560014,94.07882262751573,-23.638630939950115,40.25544626083796,67.49383521653624,53.61473024506214,53.26821338798379,-25.847210068276723,4.6958556283934,44.179211109680196,67.83083176743983,80.54521066036875,107.61243459466279,-25.46956778509151,-21.807694094808717,27.238388955698273,-0.346516857078341,30.543065696670123,23.651620657759636,27.067223934294006,3.661873690282791
t,1.4444946465625375,2.431445455317793,3.799098717613142,2.555331138838554,2.1525551061900234,-0.49142818241056124,2.774891365141185,4.150542128952434,-1.0365989728001315,1.861491196810018,3.178635255183599,1.990442705579736,2.1208979666399834,-1.1626035634716596,0.22036764599058634,2.150552100824833,3.2882142185423273,3.4615427829581633,4.68503156960641,-1.074412070884475,-0.9466675715667929,3.5451277032606803,-0.022039360246138548,4.59354339675487,2.9171767124383106,2.9721413002114163,0.3570989328724684
p,0.1583210071940219,0.020816869493890354,0.0006136896255581046,0.015563513761903314,0.038998119905060184,0.6264775658826036,0.009142945650608804,0.0002290146004259917,0.3076929405045379,0.07188222110570407,0.0032745141467748727,0.055141315016263376,0.04177367261276794,0.25358766394070714,0.8269847581965464,0.039168749891421446,0.0024547229679918164,0.0015450755898549246,4.952376524055472e-05,0.290673034965728,0.3509024509293325,0.0012323817797132044,0.982553415617551,6.449272528317312e-05,0.006409920004890135,0.005576835792469406,0.723362028124185
