Source,SS,ddof1,ddof2,MS,F,p-unc,p-GG-corr,n2,eps
task,2027897.855067087,5,150,405579.57101341744,29.558191136652763,8.231396361397082e-21,4.401061146585978e-16,0.4687020070520105,0.7447636642494514
context,7952.5356328066555,1,30,7952.5356328066555,8.76089357565931,0.005960708745406979,0.005960708745406979,0.0018380459365522632,1.0
task * context,52854.542551272956,5,150,10570.90851025459,10.399034359358714,1.4008806142041944e-08,3.591734655817989e-05,0.012216113407141004,0.48447605567987945
