Source,SS,ddof1,ddof2,MS,F,p-unc,p-GG-corr,n2,eps
task,184044.7820958079,5,110,36808.95641916158,5.290778678512462,0.00021505987468582063,0.0012348077234183262,0.054760909838433874,0.7134731799502263
context,7305.915981122255,2,44,3652.9579905611276,0.4374860813253111,0.6484353081702918,0.6004289008740195,0.002173811187546413,0.7808607827455687
task * context,168406.42465771906,10,220,16840.642465771907,1.9829106746007186,0.0363009329987771,0.12448402684594063,0.05010785381621758,0.30251102800254626
