,DC!=0,DE!=0,DE!=DC,predictable_task_switching!=0,n_back!=0,flanker!=0,shape_matching!=0,cued_task_switching!=0,directed_forgetting!=0,predictable_task_switching: DC!=0,predictable_task_switching: DE!=0,n_back: DC!=0,n_back: DE!=0,flanker: DC!=0,flanker: DE!=0,shape_matching: DC!=0,shape_matching: DE!=0,cued_task_switching: DC!=0,cued_task_switching: DE!=0,directed_forgetting: DC!=0,directed_forgetting: DE!=0,predictable_task_switching: DE!=DC,n_back: DE!=DC,flanker: DE!=DC,shape_matching: DE!=DC,cued_task_switching: DE!=DC,directed_forgetting: DE!=DC
mean,20.109341604476953,28.206907685314633,8.097566080837682,23.312640164221484,52.874763697762816,2.378717812915509,10.35451509066543,26.694590461988383,29.33352064182116,16.70890435291027,29.91637597553271,40.25579662035188,65.49373077517374,4.714891408970763,0.04254421686025438,8.67839576979425,12.030634411536605,28.777254660191478,24.61192626378527,21.520806814643084,37.14623446899924,13.20747162262244,25.237934154821847,-4.672347192110506,3.3522386417423577,-4.165328396406211,15.625427654356159
t,3.5135648225072993,5.620695768660285,1.3175188696748616,3.7369837753081874,4.981090020824964,0.4539542013077288,1.7852985210805796,4.240958299143364,4.029884909603404,2.7710751268321605,3.5544607783060065,2.762249811935166,5.012095552071393,0.5696631954899898,0.009345718344946647,1.222112778030722,1.6465582531185528,2.932904886799716,3.1473480216134506,2.168210434037678,2.943076698380949,1.7234896835901699,1.4207438791298452,-0.5640344609550991,0.3921647453248365,-0.3331034806776259,0.896610437752083
p,0.0017815468716397048,8.718942069326484e-06,0.20010456445601824,0.0010212968327407029,4.3609434505597255e-05,0.6539403857221412,0.08685810825901799,0.00028615274700922284,0.0004885700567225942,0.010617870650900906,0.0016098161354023458,0.010836830577501582,4.0313835194825556e-05,0.5742001747566616,0.992620557214746,0.2335326283563719,0.11268258254147834,0.007274151338501688,0.0043615527111454805,0.040280510602399844,0.007101585866232907,0.09766133780870095,0.16825401386331604,0.5779640016378067,0.6983974375109845,0.7419486445641322,0.3788328053389183
