,DC!=0,DE!=0,DE!=DC,predictable_task_switching!=0,n_back!=0,flanker!=0,shape_matching!=0,cued_task_switching!=0,directed_forgetting!=0,predictable_task_switching: DC!=0,predictable_task_switching: DE!=0,n_back: DC!=0,n_back: DE!=0,flanker: DC!=0,flanker: DE!=0,shape_matching: DC!=0,shape_matching: DE!=0,cued_task_switching: DC!=0,cued_task_switching: DE!=0,directed_forgetting: DC!=0,directed_forgetting: DE!=0,predictable_task_switching: DE!=DC,n_back: DE!=DC,flanker: DE!=DC,shape_matching: DE!=DC,cued_task_switching: DE!=DC,directed_forgetting: DE!=DC
mean,19.24157066698113,29.38134360301907,10.139772936037941,26.45274316370577,50.09250093754071,3.248413629694295,10.473364856862165,27.307286059176164,28.294434163021513,16.188635293079443,36.71685103433211,31.879094160106938,68.30590771497444,6.334101058697754,0.1627262006908345,8.690211659084198,12.256518054640129,28.501193355258124,26.1133787630942,23.856188475660325,32.7326798503827,20.528215741252673,36.42681355486751,-6.171374858006919,3.5663063955559324,-2.3878145921639184,8.876491374722383
t,3.2974360807929854,5.47520007324483,2.0117078966899635,3.866610684246192,4.695423398875743,0.5746886711560749,1.6447349121079042,4.033189940514778,3.475560905805411,2.4897026522241514,4.033896020441964,2.707159077146637,4.955938553991116,0.7141074172124946,0.032876931673263624,1.1069325556586342,1.5714127808216778,2.711781766597813,3.224747056619824,2.327645916305748,3.3120921261097207,2.5855121781299957,2.562936031068557,-0.696335420617241,0.3920644728187252,-0.18383668311141035,0.7493345173384334
p,0.003281972488573934,1.680725132166829e-05,0.05665708404760607,0.0008345355974520676,0.00011042178643233132,0.5713324872669437,0.11423921876697848,0.0005562601126479825,0.0021462454774259423,0.020829992569710715,0.0005553030985734701,0.012870076960215164,5.8619194159979444e-05,0.4826692010188228,0.9740691898978182,0.28028008390978876,0.1303590377233086,0.012737104070153436,0.003897856904958968,0.029526943230943372,0.003169798116101839,0.016878074928244082,0.017740447985891757,0.4935107956224313,0.6987828751434108,0.8558254741570085,0.4615935528546278
