Source,SS,ddof1,ddof2,MS,F,p-unc,p-GG-corr,n2,eps
task,0.01336274788247282,5,120,0.002672549576494564,1.6453953399132075,0.15319449844857488,0.21205622680620703,0.05974723936358272,0.2515484121954596
context,2.458041466022697e-05,1,24,2.458041466022697e-05,0.21988347285481177,0.643360346473141,0.643360346473141,0.00010990343687371337,1.0
task * context,0.00037830561038433656,5,120,7.566112207686731e-05,0.7384626603953393,0.5960788222852731,0.4977648030416978,0.0016914721474215614,0.4509965211591056
