Source,SS,ddof1,ddof2,MS,F,p-unc,p-GG-corr,n2,eps
task,106604.42496537234,5,80,21320.88499307447,7.3699668860057015,1.0003797099905716e-05,0.0001729366108986237,0.21214009187246108,0.683386497309358
context,3636.820191592836,1,16,3636.820191592836,2.05467441557649,0.17099194049757946,0.17099194049757946,0.007237179599427813,1.0
task * context,9700.64516785246,5,80,1940.129033570492,1.2637075073219237,0.2878055662539757,0.29720986872051236,0.01930403693654199,0.6150167271503688
