Source,SS,ddof1,ddof2,MS,F,p-unc,p-GG-corr,n2,eps
task,246069.0065562584,5,135,49213.80131125168,5.98420252022214,4.941551702409133e-05,0.0004509612771572788,0.09468956053347019,0.7028076069749547
context,1756.858389634961,2,54,878.4291948174805,0.38328548124881634,0.6834577474592762,0.5932078948347776,0.0006760548642928781,0.6455035369827125
task * context,59773.886653928785,10,270,5977.3886653928785,1.526720403182655,0.12955286936531046,0.20111073359319448,0.023001527652138292,0.3889212847151397
