Source,SS,ddof1,ddof2,MS,F,p-unc,p-GG-corr,n2,eps
task,0.022047862709960026,5,80,0.004409572541992006,1.588377948223834,0.17285000782387716,0.224357536585771,0.08236902618559422,0.3255952620634658
context,1.3696652668256236e-05,1,16,1.3696652668256236e-05,0.04410304289617849,0.836312905926663,0.836312905926663,5.1169583062440625e-05,1.0
task * context,0.0001619573266842296,5,80,3.2391465336845915e-05,0.14092872475703658,0.9821572929613664,0.9183381127793241,0.0006050594317505313,0.5332143430195297
