,DC!=0,DE!=0,DE!=DC,predictable_task_switching!=0,n_back!=0,flanker!=0,shape_matching!=0,cued_task_switching!=0,directed_forgetting!=0,predictable_task_switching: DC!=0,predictable_task_switching: DE!=0,n_back: DC!=0,n_back: DE!=0,flanker: DC!=0,flanker: DE!=0,shape_matching: DC!=0,shape_matching: DE!=0,cued_task_switching: DC!=0,cued_task_switching: DE!=0,directed_forgetting: DC!=0,directed_forgetting: DE!=0,predictable_task_switching: DE!=DC,n_back: DE!=DC,flanker: DE!=DC,shape_matching: DE!=DC,cued_task_switching: DE!=DC,directed_forgetting: DE!=DC
mean,0.01563817151746391,-0.0018054832928662329,-0.017443654810330146,0.0030913978494623564,-0.01562559124018542,-0.004973118279569904,0.0016129032258064512,0.006720430107526878,0.05067204301075269,0.006317204301075263,-0.0001344086021505497,0.0025655882445684663,-0.03381677072493931,-0.0009408602150537744,-0.009005376344086035,-0.0009408602150537726,0.004166666666666675,0.014381720430107523,-0.000940860215053769,0.07244623655913976,0.02889784946236559,-0.0064516129032258125,-0.036382358969507776,-0.00806451612903226,0.005107526881720448,-0.015322580645161291,-0.0435483870967742
t,2.1915612868161034,-0.2588303436276701,-2.242058194731632,0.448242883182152,-2.364185937926366,-0.7819306048057303,0.28962085156402895,0.6186495481684565,2.6755313868967843,0.9033340533594544,-0.017306668274778267,0.23740880862875344,-4.156126636570147,-0.13248960853549835,-1.3061975849572536,-0.1551703428105761,0.7040849435088837,0.8333609666428284,-0.1149385516669038,3.084047583792153,0.9863146331645537,-1.2152872405004007,-2.6308536576673855,-1.3805694642948354,1.1561604499071083,-0.9546252267042363,-1.1698656897974253
p,0.03631119752569349,0.797533852489254,0.03250427615296282,0.6571985959266966,0.024739820809652546,0.4403834753192285,0.7740986000207051,0.5408165774136318,0.011967727760921004,0.37354529202560505,0.9863065564003549,0.8139535235294015,0.0002482076874406159,0.8954817025319194,0.20141206595438604,0.8777263601935332,0.48680962863556687,0.41122730373476934,0.9092596917443693,0.004357855808812856,0.3318672531404002,0.23373454370584412,0.013315618928074879,0.1776116760584497,0.2567400654335493,0.3473967094602125,0.2512655076282061
