Source,SS,ddof1,ddof2,MS,F,p-unc,p-GG-corr,n2,eps
task,3173.1917550803464,5,155,634.6383510160692,0.17191902028716355,0.9726701283777448,0.916234623450747,0.002445043254559505,0.6044407885748343
context,1072.9832347166657,2,62,536.4916173583329,0.31814840865530997,0.7286753821205649,0.6228360707760051,0.0008267670606729513,0.616397656517886
task * context,17576.48695890735,10,310,1757.6486958907349,0.909253153156354,0.5248378339522353,0.4533702595827551,0.013543231608655611,0.3607508471829277
