Source,SS,ddof1,ddof2,MS,F,p-unc,p-GG-corr,n2,eps
task,204427.6159680148,5,75,40885.52319360296,3.353656098175955,0.008679459152548719,0.020838076773767346,0.08893639316654608,0.6900886463761305
context,35479.53116197015,2,30,17739.765580985077,3.4802572738496407,0.04372690018481697,0.0678802143063598,0.015435397599507326,0.6510129924926435
task * context,34927.33339521063,10,150,3492.7333395210635,0.5477477433452635,0.8537032033923636,0.672301596815979,0.015195163532022542,0.33751788398338617
