,DC!=0,DE!=0,DE!=DC,predictable_task_switching!=0,n_back!=0,flanker!=0,shape_matching!=0,cued_task_switching!=0,directed_forgetting!=0,predictable_task_switching: DC!=0,predictable_task_switching: DE!=0,n_back: DC!=0,n_back: DE!=0,flanker: DC!=0,flanker: DE!=0,shape_matching: DC!=0,shape_matching: DE!=0,cued_task_switching: DC!=0,cued_task_switching: DE!=0,directed_forgetting: DC!=0,directed_forgetting: DE!=0,predictable_task_switching: DE!=DC,n_back: DE!=DC,flanker: DE!=DC,shape_matching: DE!=DC,cued_task_switching: DE!=DC,directed_forgetting: DE!=DC
mean,-0.04079210239606293,-0.08329297198875008,-0.04250086959268713,-0.09091260445579356,-0.1272715933530732,-0.002910177577256784,-0.01888221268358116,-0.08278872184692071,-0.04948991323781358,-0.07132065186035766,-0.11050455705122947,-0.07302812736465689,-0.1815150593414895,0.0012642652443379402,-0.007084620398851508,-0.012902609616865695,-0.02486181575029663,-0.0683162882922588,-0.0972611554015826,-0.020449202486576515,-0.07853062398905065,-0.039183905190871816,-0.10848693197683265,-0.008348885643189448,-0.011959206133430936,-0.028944867109323796,-0.0580814215024741
t,-9.397019251050576,-14.98444815350336,-8.870424092032726,-12.356328088690303,-12.629283235946062,-0.9787207744328302,-3.1749877522729606,-8.657252352671563,-9.523019267409314,-8.963799325605297,-12.256553512576287,-4.938993423264222,-13.439426773542845,0.39253663863850513,-2.1750402483983695,-2.3322494725799086,-3.140395530993819,-7.091805430353703,-8.59715906370853,-3.823292081762196,-8.03584922369808,-4.597106840291537,-5.452620694321661,-3.2497729348551436,-1.7810539001966172,-3.3252066997766736,-4.905453489234755
p,2.654043315062552e-10,3.4501379063535876e-15,9.303710257484509e-10,4.436027917354211e-13,2.5915323804788226e-13,0.33581260872136565,0.0035370792109872696,1.5620322549134635e-09,1.9765765671687412e-10,7.428552433762476e-10,5.41025971408591e-13,3.0053833632704156e-05,5.510101258402431e-14,0.697532145990791,0.03792448788913789,0.026836830707525794,0.003862270641100362,8.392960801344705e-08,1.8096579148822875e-09,0.0006450049931513955,7.318384449884748e-09,7.761620351060656e-05,7.214889387008177e-06,0.0029212612946866996,0.08538181136569863,0.0024050341933447707,3.298977739717955e-05
