Source,SS,ddof1,ddof2,MS,F,p-unc,p-GG-corr,n2,eps
task,396968.65759099403,5,85,79393.73151819881,5.8057638039300485,0.00011661736975160107,0.0007065141939085797,0.23772454963824555,0.7306492286829944
context,25548.93217082357,1,17,25548.93217082357,23.781441362913053,0.0001419643865070559,0.0001419643865070559,0.015299969601894604,1.0
task * context,2966.857621035302,5,85,593.3715242070605,0.7912050350473043,0.5589217009279439,0.5125191356170846,0.0017767017075894574,0.6477126582226909
