,DC!=0,DE!=0,DE!=DC,predictable_task_switching!=0,n_back!=0,flanker!=0,shape_matching!=0,cued_task_switching!=0,directed_forgetting!=0,predictable_task_switching: DC!=0,predictable_task_switching: DE!=0,n_back: DC!=0,n_back: DE!=0,flanker: DC!=0,flanker: DE!=0,shape_matching: DC!=0,shape_matching: DE!=0,cued_task_switching: DC!=0,cued_task_switching: DE!=0,directed_forgetting: DC!=0,directed_forgetting: DE!=0,predictable_task_switching: DE!=DC,n_back: DE!=DC,flanker: DE!=DC,shape_matching: DE!=DC,cued_task_switching: DE!=DC,directed_forgetting: DE!=DC
mean,15.529016445287793,23.973553130929787,8.444536685642,-7.495098039215687,32.120453826691964,-0.7892156862745109,11.352941176470587,21.813725490196077,61.50490196078432,-11.833333333333334,-3.1568627450980404,15.899588867805178,48.34131878557875,4.784313725490195,-6.362745098039217,9.872549019607842,12.833333333333329,21.72549019607843,21.901960784313726,52.72549019607843,70.28431372549021,8.676470588235293,32.441729917773564,-11.147058823529411,2.960784313725486,0.17647058823529413,17.558823529411764
t,1.5475605705589202,2.030572621478945,1.4334135535763886,-0.6087316512921942,2.2502575736735495,-0.07823498928241986,0.8756877190256566,1.3561331313607365,4.2474461021676175,-0.8331623222418634,-0.26475277375598505,1.1968121204428535,2.497965886909442,0.39055528831578357,-0.645671916264282,0.7458347419486683,0.92543205733528,1.3339152234259601,1.1904893163309538,3.3250856247522953,3.6144237624457105,0.9617095642972612,1.9149801771721762,-1.1930655523909226,0.373862531811796,0.01343524300342427,0.8563708843284839
p,0.1412782371052893,0.05926052314303577,0.17099194049757954,0.5512477316374591,0.038854000334639996,0.9386111961266531,0.3941564905598436,0.1938877590416488,0.000614459175453179,0.41701755033498833,0.7945802840641195,0.2488127827110216,0.023771297076129547,0.70127689462505,0.5276439403435058,0.46658435929611064,0.36848970992768737,0.20090933909569225,0.25121804160488076,0.004286621719642661,0.0023272074192110517,0.35050544524664884,0.07354717821165083,0.2502358770957165,0.7134144419911965,0.9894466521857201,0.4044363225348393
