Source,SS,ddof1,ddof2,MS,F,p-unc,p-GG-corr,n2,eps
task,0.6621439597578617,5,145,0.13242879195157234,54.2122397227314,1.636364728110612e-31,2.1682892283451726e-22,0.41319179537886946,0.6868421739887385
context,0.1625691524521134,1,29,0.1625691524521134,78.68442357251402,9.303710257485274e-10,9.303710257485274e-10,0.10144657968257233,1.0
task * context,0.1033624904624248,5,145,0.020672498092484958,11.514985317029682,2.2506581506660677e-09,1.2463772162091797e-05,0.06450037394378495,0.492617512544607
