Source,SS,ddof1,ddof2,MS,F,p-unc,p-GG-corr,n2,eps
task,0.017132652771559023,5,85,0.0034265305543118045,0.7318164968166441,0.6015567240707054,0.5069334884274799,0.017521975783457516,0.4657793245847967
context,0.00902488040295431,1,17,0.00902488040295431,1.7581284319638486,0.20239949087689713,0.20239949087689713,0.009229962106724936,1.0
task * context,0.02766039138879864,5,85,0.005532078277759728,1.0718423998385325,0.3817900998763228,0.34145894923232323,0.028288947108065593,0.31172015720345886
