Source,SS,ddof1,ddof2,MS,F,p-unc,p-GG-corr,n2,eps
task,8467.670956696118,5,85,1693.5341913392235,0.34613202682466687,0.8834057343763804,0.8145688463548637,0.007860323370410534,0.6745893771062506
context,14658.678530599715,2,34,7329.339265299857,2.19940188014166,0.12639816673193732,0.15477634674019192,0.013607278084216553,0.5305089794684371
task * context,14497.375681124766,10,170,1449.7375681124765,0.4828118680391873,0.8995664362612797,0.6949454006713665,0.013457544755663072,0.29877776636494974
