Source,SS,ddof1,ddof2,MS,F,p-unc,p-GG-corr,n2,eps
task,80.62745098039214,5,80,16.125490196078427,1.4524101239555387,0.21478883046371303,0.24965301152695699,0.07024316914220305,0.37879866578559984
context,6.3529411764705905,1,16,6.3529411764705905,2.838215165617305,0.11144897509281244,0.11144897509281244,0.005534724416846742,1.0
task * context,15.823529411764714,5,80,3.164705882352943,2.0921980069674957,0.07488191693083593,0.1343482165366679,0.013785563593812718,0.43999870036185545
