Source,SS,ddof1,ddof2,MS,F,p-unc,p-GG-corr,n2,eps
task,661588.7881816499,5,85,132317.75763632997,7.951117493684532,3.4847222127558337e-06,5.532834127017463e-05,0.2950469002238341,0.7229005391253577
context,3429.1890535450557,1,17,3429.1890535450557,2.960882455882598,0.10344935682048924,0.10344935682048924,0.0015293058446633984,1.0
task * context,43631.67012381269,5,85,8726.334024762538,7.4576859664644415,7.65906141253154e-06,0.0020771075454665074,0.01945829380966657,0.3993031212056308
