,DC!=0,DE!=0,DE!=DC,predictable_task_switching!=0,n_back!=0,flanker!=0,shape_matching!=0,cued_task_switching!=0,directed_forgetting!=0,predictable_task_switching: DC!=0,predictable_task_switching: DE!=0,n_back: DC!=0,n_back: DE!=0,flanker: DC!=0,flanker: DE!=0,shape_matching: DC!=0,shape_matching: DE!=0,cued_task_switching: DC!=0,cued_task_switching: DE!=0,directed_forgetting: DC!=0,directed_forgetting: DE!=0,predictable_task_switching: DE!=DC,n_back: DE!=DC,flanker: DE!=DC,shape_matching: DE!=DC,cued_task_switching: DE!=DC,directed_forgetting: DE!=DC
mean,16.57687829957813,27.69015670332357,11.113278403745438,30.994235161314467,51.00441067875565,-0.03486863152526969,1.754181529654101,22.57034245905712,26.51280381144903,19.57228291228407,42.41618741034487,39.94161624479003,62.06720511272123,1.8487070136691561,-1.9184442767196979,-0.1437613757217984,3.652124435029997,22.571854769325125,22.568830148789104,15.670570233122186,37.35503738977589,22.843904498060805,22.12558886793122,-3.767151290388853,3.7958858107517965,-0.003024620536027811,21.684467156653696
t,2.247822193018646,3.907197082797035,4.184714601157642,3.464550526845564,4.844743139748958,-0.00470523687018313,0.21988501310303343,3.2365845746641115,2.980665101385429,2.388724625632769,3.9756211870395903,3.227036900836299,5.7908808480806275,0.23668139520779324,-0.25564894255005616,-0.01621084055377308,0.4713925053280369,2.9542047658330413,3.075193279358049,1.5468541904186264,3.9378477601969735,3.533418896982937,2.296697677520621,-0.973311148298363,0.7956092028125743,-0.0005525892552513161,2.6151762048415104
p,0.03236107172030238,0.0005144192691177539,0.00024175653818811173,0.0016730848123043098,3.9050905031447565e-05,0.9962779970056904,0.8275012176526192,0.003021819357955854,0.005770664235829135,0.02363510678001944,0.00042742775055556396,0.003096681172836017,2.83109904950274e-06,0.8145678474304135,0.800026531370379,0.9871772037464241,0.640887645079288,0.006162832979157639,0.004554406152120148,0.13274300608095527,0.00047349263560704475,0.001396084608794833,0.02904951645626458,0.33844781523692413,0.43272355656770845,0.9995628813889849,0.014004907278267758
