,DC!=0,DE!=0,DE!=DC,predictable_task_switching!=0,n_back!=0,flanker!=0,shape_matching!=0,cued_task_switching!=0,directed_forgetting!=0,predictable_task_switching: DC!=0,predictable_task_switching: DE!=0,n_back: DC!=0,n_back: DE!=0,flanker: DC!=0,flanker: DE!=0,shape_matching: DC!=0,shape_matching: DE!=0,cued_task_switching: DC!=0,cued_task_switching: DE!=0,directed_forgetting: DC!=0,directed_forgetting: DE!=0,predictable_task_switching: DE!=DC,n_back: DE!=DC,flanker: DE!=DC,shape_matching: DE!=DC,cued_task_switching: DE!=DC,directed_forgetting: DE!=DC
mean,-1.0971093508423442,20.65440493055355,21.75151428139589,33.012286735755666,49.66702428624782,-45.47656218146292,15.405765163192191,56.51148134368694,-50.448108608286084,15.754739522190448,50.269833949320876,43.444897991464536,55.88915058103112,-53.10219150397713,-37.85093285894871,1.8725148262224138,28.93901550016196,47.141270628893125,65.88169205848074,-61.69388756984745,-39.20232964672472,34.51509442713043,12.444252589566581,15.251258645028416,27.066500673939547,18.740421429587627,22.491557923122727
t,-0.039704153862502194,0.7655923878397597,4.876621921260028,1.0540252866315276,1.6507877268095295,-1.5443219231406171,0.4799383233331136,1.6408796503400065,-1.3611058159959961,0.4768158490868239,1.6658185287740928,1.2641256026898169,2.037736857952186,-1.8254271585107884,-1.2621808215974457,0.05846113623424059,0.8926127276934074,1.3027472734171544,1.9844845684542713,-1.7022549378757363,-1.0218948440175217,3.8349532265214408,0.793629910686387,3.217479488896088,4.745193028860394,2.111928898985065,2.5902392355011075
p,0.9687915506228026,0.45441777725078214,0.00014196438650703136,0.3066224124282523,0.11713327491316268,0.14092108142463056,0.6373881867912963,0.1191922643794961,0.19125111743504492,0.6395648471888078,0.11406786664442566,0.2232435519492788,0.057449527452311216,0.08555681096210349,0.223925553855273,0.9540630196793038,0.3845260259949941,0.2100329135882122,0.06358433015766989,0.10692141367153211,0.3211536404454639,0.0013262947880821345,0.4383488072539903,0.0050537997632337595,0.00018736862872098704,0.049795513805649845,0.01906081166529524
