,DC!=0,DE!=0,DE!=DC,predictable_task_switching!=0,n_back!=0,flanker!=0,shape_matching!=0,cued_task_switching!=0,directed_forgetting!=0,predictable_task_switching: DC!=0,predictable_task_switching: DE!=0,n_back: DC!=0,n_back: DE!=0,flanker: DC!=0,flanker: DE!=0,shape_matching: DC!=0,shape_matching: DE!=0,cued_task_switching: DC!=0,cued_task_switching: DE!=0,directed_forgetting: DC!=0,directed_forgetting: DE!=0,predictable_task_switching: DE!=DC,n_back: DE!=DC,flanker: DE!=DC,shape_matching: DE!=DC,cued_task_switching: DE!=DC,directed_forgetting: DE!=DC
mean,0.015958926365681445,-0.0006549022661136071,-0.016613828631795047,-0.005753519752724429,-0.022220986972879813,-0.007731481417218605,-0.005454431331859468,-0.0059778787270833985,0.09305037050046924,-0.0021958274450321206,-0.00931121206041674,-0.003052193301397978,-0.041389780644361676,-0.0009491592478995281,-0.014513803586537677,-0.007890868929547292,-0.003017993734171644,-0.0009778787270833978,-0.0109778787270834,0.11081948584504894,0.07528125515588949,-0.00711538461538462,-0.03833758734296368,-0.013564644338638151,0.0048728751953756476,-0.010000000000000004,-0.035538230689159504
t,1.7725462602348927,-0.0760415393861056,-1.9108636209748175,-0.6633551495421843,-2.3971664342599235,-0.8338164094775233,-0.669706170599181,-0.5467481760289133,3.4170296588599745,-0.2481436204529143,-0.9928109825849254,-0.24258293041370266,-3.952766167802674,-0.09115310618159062,-1.5782176675394581,-0.9569313039356133,-0.3509772596793792,-0.060067195479055924,-1.116877814555249,3.331984970209411,2.0675101830661897,-1.265390312383389,-2.7653690196317946,-2.0908831393935743,1.13167310429883,-0.6387267522261605,-0.8157805039238254
p,0.08681018536068487,0.9399082277243711,0.06595305548458467,0.5123422334384704,0.023187650734070454,0.4112000889677715,0.5083427889755645,0.588734423798166,0.001894479565370302,0.8057720247118207,0.3290142156158147,0.8100360062377729,0.0004547451555105694,0.927997659999821,0.1253628834109473,0.34651195978748983,0.7281424108491845,0.952514157156868,0.2732149792363648,0.0023632080291397842,0.04771216012433883,0.21580438882165237,0.009785518068439088,0.04541211867266206,0.26704337974861275,0.5280134801158429,0.42127591293902844
