,DC!=0,DE!=0,DE!=DC,predictable_task_switching!=0,n_back!=0,flanker!=0,shape_matching!=0,cued_task_switching!=0,directed_forgetting!=0,predictable_task_switching: DC!=0,predictable_task_switching: DE!=0,n_back: DC!=0,n_back: DE!=0,flanker: DC!=0,flanker: DE!=0,shape_matching: DC!=0,shape_matching: DE!=0,cued_task_switching: DC!=0,cued_task_switching: DE!=0,directed_forgetting: DC!=0,directed_forgetting: DE!=0,predictable_task_switching: DE!=DC,n_back: DE!=DC,flanker: DE!=DC,shape_matching: DE!=DC,cued_task_switching: DE!=DC,directed_forgetting: DE!=DC
mean,-11.243887195609307,-1.7707245026454184,9.473162692963886,38.463170417910945,12.14362828656186,-41.3828752113572,-8.257394618654438,53.14566240509042,-93.15602637431581,23.88484509739812,53.04149573842376,29.61858002846168,-5.331323455337969,-52.5232002438202,-30.242550178894213,-22.771299400513016,6.256510163204137,46.348787405090434,59.94253740509042,-92.0210360602729,-94.29101668835871,29.156650641025642,-34.949903483799645,22.28065006492598,29.027809563717156,13.59375,-2.2699806280857926
t,-0.49162921659688097,-0.07770791402713527,2.842552693725369,1.6298968477325255,0.46253638652865775,-1.56890965563467,-0.330417773355823,2.012018510731253,-3.3389783800495683,1.0044897482522135,2.208825301749955,1.034994561930292,-0.2086559274682264,-1.9945999717713132,-1.1365189604459782,-0.8958541326490739,0.251393771599936,1.7780137232998459,2.216954081159751,-3.283819694961937,-3.370394728618615,3.8781534769225092,-2.559992588094431,4.977694404079821,5.068163028360767,2.4668186228632054,-0.4803980943307672
p,0.6264446628784768,0.9385598063278247,0.007848225573204958,0.11324405389924125,0.6469270257141981,0.12682125518429596,0.7433071041658807,0.052977579615722845,0.0021992311648087307,0.32291933516447113,0.03470883106192179,0.30867826239868773,0.836081821382912,0.05494335219955977,0.26444905574795374,0.37723471418776167,0.8031687262014184,0.08521296156881836,0.034093162175277816,0.002542721378211154,0.0020239974562154357,0.0005119480250215637,0.015562561896908397,2.2895392791066678e-05,1.7665919098634867e-05,0.019361078003969353,0.634317180323764
