,DC!=0,DE!=0,DE!=DC,predictable_task_switching!=0,n_back!=0,flanker!=0,shape_matching!=0,cued_task_switching!=0,directed_forgetting!=0,predictable_task_switching: DC!=0,predictable_task_switching: DE!=0,n_back: DC!=0,n_back: DE!=0,flanker: DC!=0,flanker: DE!=0,shape_matching: DC!=0,shape_matching: DE!=0,cued_task_switching: DC!=0,cued_task_switching: DE!=0,directed_forgetting: DC!=0,directed_forgetting: DE!=0,predictable_task_switching: DE!=DC,n_back: DE!=DC,flanker: DE!=DC,shape_matching: DE!=DC,cued_task_switching: DE!=DC,directed_forgetting: DE!=DC
mean,0.0062175285884963315,0.005645043774604854,-0.0005724848138914775,0.005750000000000001,0.004254383755970217,0.001,0.0003333333333333335,0.02025,0.004,0.007500000000000002,0.003999999999999998,0.005805171530977982,0.0027035959809624537,0.0005000000000000003,0.0015000000000000005,0.0005000000000000001,0.00016666666666666685,0.020500000000000004,0.019999999999999997,0.0025000000000000005,0.005500000000000001,-0.0034999999999999996,-0.003101575550015527,0.001,-0.00033333333333333354,-0.000500000000000001,0.0030000000000000005
t,2.199515531283198,1.8512867236601427,-0.4689173411751937,1.570719248756538,1.9159986769299708,0.5998125878448738,0.2443009095581554,1.4947055188611562,1.69944780605436,2.081933755078465,0.9751848288493385,1.323406373401436,1.1886264243318114,0.29823445888174016,0.7726318180745883,0.3243243243243245,0.1340050420345617,1.4906421954011753,1.4878804164171024,1.1000381964338537,1.7964588245226287,-1.4288690166235207,-0.5748689215636623,0.6998542122237652,-0.5267415375673767,-0.2140129125019268,1.14070365094406
p,0.03771532711756929,0.07647267849422078,0.6433603464731386,0.12933956858616133,0.06735119970962683,0.5542525570163115,0.8090742594295446,0.14802465688676794,0.10216190338297519,0.048182629195300246,0.3391961068428154,0.19816983981982808,0.24621549299726997,0.768090955993649,0.4472829930305814,0.7485022881585537,0.8945159874429014,0.14908234954781407,0.1498047424207434,0.2822273755355565,0.08502080377297502,0.1659288821288708,0.5707302261451621,0.49074702836764517,0.6032080381475131,0.8323448071369222,0.26524877347877085
