,DC!=0,DE!=0,DE!=DC,predictable_task_switching!=0,n_back!=0,flanker!=0,shape_matching!=0,cued_task_switching!=0,directed_forgetting!=0,predictable_task_switching: DC!=0,predictable_task_switching: DE!=0,n_back: DC!=0,n_back: DE!=0,flanker: DC!=0,flanker: DE!=0,shape_matching: DC!=0,shape_matching: DE!=0,cued_task_switching: DC!=0,cued_task_switching: DE!=0,directed_forgetting: DC!=0,directed_forgetting: DE!=0,predictable_task_switching: DE!=DC,n_back: DE!=DC,flanker: DE!=DC,shape_matching: DE!=DC,cued_task_switching: DE!=DC,directed_forgetting: DE!=DC
mean,23.233504015211896,34.65500666107016,11.421502645858268,33.081896469138115,54.285703417329856,12.580260880154956,8.614648951729524,23.352240251442765,41.750782059050934,25.674115489397536,40.48967744887869,43.70305068991782,64.86835614474188,18.715046901739694,6.445474858570212,4.15136190644812,13.077935997010924,22.325359582721276,24.379120920164254,24.83208952104687,58.669474597055,14.815561959481133,21.165305454824047,-12.269572043169482,8.926574090562804,2.053761337442971,33.83738507600812
t,2.24981370649,3.3384778180705923,3.3126293073971897,2.522414831962617,3.791928620100896,1.0511862875397082,0.7113926159708774,2.7246662348535655,2.9834664554946984,1.8686477045571592,3.0270172882834006,2.6762083966212034,4.344630252865798,1.412099726080875,0.5576026981975637,0.34216992489008047,1.0255643555055887,2.672027719821434,2.423674382087297,1.6523252323377804,3.8484723187897774,2.153022972981579,1.6764213685861138,-1.8162907032497602,1.5527036388689088,0.29597386298540146,2.9319307058793918
p,0.037997056609579576,0.0038927457435859784,0.00411630561346808,0.02191759442964445,0.0014561403856726382,0.3078869530854432,0.4864886752649281,0.014412668825415899,0.008343549779548142,0.07900329938791437,0.007603526838359905,0.015946901579179776,0.0004405830499007137,0.175964173593035,0.5843842198045948,0.7364167934663985,0.31946965218152334,0.016086359767804353,0.02680947708410379,0.11681650923217989,0.0012879427058829825,0.04596819042424352,0.1119471189306349,0.08700200186272401,0.13891133528518784,0.7708350215585847,0.009310072373788074
