Source,SS,ddof1,ddof2,MS,F,p-unc,p-GG-corr,n2,eps
task,288765.9105106445,5,85,57753.1821021289,4.950165929627946,0.0005021973065253031,0.0024466060283642246,0.19204581471308355,0.7041485575681478
context,23190.44643093924,1,17,23190.44643093924,8.980417691788809,0.00811096457441198,0.00811096457441198,0.015422970704936022,1.0
task * context,16934.120307587855,5,85,3386.824061517571,2.0688158813327613,0.07721599642690881,0.11698966517436588,0.01126215669006471,0.5909166389900085
