Source,SS,ddof1,ddof2,MS,F,p-unc,p-GG-corr,n2,eps
task,0.47758329203496824,5,85,0.09551665840699365,35.65055941168593,1.6802767512454173e-19,1.473926926430813e-13,0.44752656361339704,0.6571134582392594
context,0.10277209858797257,1,17,0.10277209858797257,66.13309338892891,2.917688435737838e-07,2.917688435737838e-07,0.09630413141221245,1.0
task * context,0.07230436074187654,5,85,0.014460872148375308,7.665674878102833,5.487556133305189e-06,0.0004451480169419677,0.06775388217455938,0.5418970484224029
