Source,SS,ddof1,ddof2,MS,F,p-unc,p-GG-corr,n2,eps
task,55283.76124955297,5,85,11056.752249910594,4.941750582874807,0.000509538694771752,0.0031331989694632235,0.16487684133596067,0.6603402203145812
context,7044.339025224735,1,17,7044.339025224735,10.97351292822664,0.0041163056134682794,0.0041163056134682794,0.021008852175159957,1.0
task * context,11377.614443086937,5,85,2275.5228886173873,3.1967879460289126,0.010801024837471897,0.027886072833156795,0.03393229926680773,0.6399243355755296
