,DC!=0,DE!=0,DE!=DC,predictable_task_switching!=0,n_back!=0,flanker!=0,shape_matching!=0,cued_task_switching!=0,directed_forgetting!=0,predictable_task_switching: DC!=0,predictable_task_switching: DE!=0,n_back: DC!=0,n_back: DE!=0,flanker: DC!=0,flanker: DE!=0,shape_matching: DC!=0,shape_matching: DE!=0,cued_task_switching: DC!=0,cued_task_switching: DE!=0,directed_forgetting: DC!=0,directed_forgetting: DE!=0,predictable_task_switching: DE!=DC,n_back: DE!=DC,flanker: DE!=DC,shape_matching: DE!=DC,cued_task_switching: DE!=DC,directed_forgetting: DE!=DC
mean,-0.03126879230526497,-0.06022848542858585,-0.028959693123320893,-0.0656208208267705,-0.09592737565027025,-0.006524758159279254,-0.016838838676676734,-0.044889792247997565,-0.0446902476405582,-0.05228763667591717,-0.07895400497762382,-0.08083817126222133,-0.11101658003831918,-0.0006851455997418812,-0.012364370718816627,-0.011843723863583308,-0.02183395348977016,-0.03199649298251784,-0.05778309151347728,-0.009961583447608295,-0.07941891183350812,-0.026666368301706656,-0.030178408776097853,-0.011679225119074746,-0.009990229626186854,-0.025786598530959434,-0.06945732838589981
t,-4.749095099745688,-6.723210386397188,-3.4161771487097194,-6.769523560112422,-7.546982560538744,-1.0710135434517651,-2.12764992477766,-4.534346973313092,-3.287906509364173,-3.8527748974464395,-5.893756564438656,-3.6167444768140506,-5.760332179368444,-0.11786622900937865,-1.604004888258731,-1.4163390237162299,-2.0917938420483115,-2.8836243534859105,-4.667918712263622,-1.0957910987477626,-3.1505032460501017,-1.422488367607382,-0.9116713236793081,-1.8955330586375785,-0.9648499496286723,-2.034345530305197,-2.630506819548533
p,5.978055876127632e-05,3.22413143592514e-07,0.0020249716176067288,2.8634508608110773e-07,4.057799376102249e-08,0.29364418350311167,0.04264702377484869,0.00010642033868343351,0.0028051576772673945,0.0006524943158367354,2.8004663400486747e-06,0.001208385694374947,3.9875865422436484e-06,0.9070461306755523,0.12034821714778446,0.16811065170162776,0.045994937775244125,0.007627292424818736,7.435140770434958e-05,0.28284859884716373,0.003960342491987351,0.16633572116616221,0.3700101645292797,0.06877412910649183,0.34318295927061926,0.05184738146872603,0.013911397391364634
