Source,SS,ddof1,ddof2,MS,F,p-unc,p-GG-corr,n2,eps
task,61144.62701009513,5,110,12228.925402019026,6.823581672308522,1.4027102897749394e-05,0.00022351988650194573,0.13121415502812073,0.6795831359599176
context,7094.234668414105,1,22,7094.234668414105,4.046968661604752,0.05665708404760626,0.05665708404760626,0.015223970659490145,1.0
task * context,14567.378701178106,5,110,2913.4757402356213,2.1730238260997288,0.06222512035946627,0.07324815430411583,0.031261067091539266,0.8595923593228579
