Source,SS,ddof1,ddof2,MS,F,p-unc,p-GG-corr,n2,eps
task,326651.5934555164,5,90,65330.318691103275,7.255804119296417,9.487035019180532e-06,0.00022643746623343737,0.08422031705452025,0.6491125276606746
context,32023.283075941046,2,36,16011.641537970523,1.7349505184875638,0.19083425729225278,0.20101048919144862,0.00825653726422029,0.7037251856901585
task * context,359392.48399333144,10,180,35939.24839933314,3.2058693964581417,0.0008107051363550972,0.0440243327010216,0.09266187447223306,0.2312876291546361
