Source,SS,ddof1,ddof2,MS,F,p-unc,p-GG-corr,n2,eps
task,937986.983619195,5,155,187597.396723839,15.72068947630282,1.6634100277478602e-12,4.0746463292826e-10,0.3107910242951558,0.7696379852610381
context,8615.11789510683,1,31,8615.11789510683,8.080105816605476,0.007848225573204543,0.007848225573204543,0.002854518625314735,1.0
task * context,48994.3217309295,5,155,9798.8643461859,10.866167191575718,5.6446250607840494e-09,1.3295900368072783e-05,0.016233695884189225,0.5172406514681317
