,DC!=0,DE!=0,DE!=DC,predictable_task_switching!=0,n_back!=0,flanker!=0,shape_matching!=0,cued_task_switching!=0,directed_forgetting!=0,predictable_task_switching: DC!=0,predictable_task_switching: DE!=0,n_back: DC!=0,n_back: DE!=0,flanker: DC!=0,flanker: DE!=0,shape_matching: DC!=0,shape_matching: DE!=0,cued_task_switching: DC!=0,cued_task_switching: DE!=0,directed_forgetting: DC!=0,directed_forgetting: DE!=0,predictable_task_switching: DE!=DC,n_back: DE!=DC,flanker: DE!=DC,shape_matching: DE!=DC,cued_task_switching: DE!=DC,directed_forgetting: DE!=DC
mean,0.5392156862745098,0.892156862745098,0.3529411764705882,1.2352941176470589,0.3235294117647059,0.4117647058823529,0.2647058823529412,1.8823529411764706,0.17647058823529413,1.1176470588235294,1.3529411764705883,0.4117647058823529,0.23529411764705882,0.35294117647058826,0.47058823529411764,0.058823529411764705,0.47058823529411764,1.1176470588235294,2.6470588235294117,0.17647058823529413,0.17647058823529413,0.23529411764705882,-0.17647058823529413,0.11764705882352941,0.4117647058823529,1.5294117647058822,0.0
t,1.6396010157290783,2.043783056081997,1.6847003192310792,1.62048663244709,1.1383541043692882,0.9893313546726026,0.8721028496007166,1.5459320537975763,0.7650920556760059,1.5591588857382146,1.6192766907601548,1.0,0.5913770167636583,0.8411995646793379,1.0950174573266478,0.211999576001272,1.3264426756634853,1.2788018174585227,1.6718346377260584,0.7650920556760059,0.6432675209026769,0.746003846592251,-0.305987072319286,0.6963106238227913,2.134979984656465,1.9563531796747478,0.0
p,0.1205983003779551,0.05779919327703155,0.11144897509281285,0.1246663397423379,0.2717314082528404,0.3372274794747472,0.3960510548056583,0.14166956380570622,0.4553546383818682,0.13851745100592724,0.12492774809824608,0.3321949846529795,0.5625305573701238,0.4126322176173518,0.28971944427137075,0.8347844175065291,0.203316108647363,0.2192045019699604,0.11399592281896763,0.4553546383818682,0.5291629481681226,0.46648501916291074,0.7635599370608812,0.4962260924179861,0.048574889206882445,0.06811165005809817,1.0
