Source,SS,ddof1,ddof2,MS,F,p-unc,p-GG-corr,n2,eps
task,667557.8355251536,5,160,133511.5671050307,12.872663258791494,1.5882021425930128e-10,4.060400030445275e-09,0.2476780861725948,0.8332232952178644
context,34382.537596192866,1,32,34382.537596192866,14.433151066169849,0.000613689625558099,0.000613689625558099,0.012756649171652874,1.0
task * context,14793.598079891453,5,160,2958.7196159782907,1.9495252963131793,0.08903117155339105,0.11663652736854312,0.005488738001482161,0.6941172518432274
