Source,SS,ddof1,ddof2,MS,F,p-unc,p-GG-corr,n2,eps
task,110289.86599942717,5,145,22057.973199885433,13.725263205340829,5.7023078614526546e-11,5.6093166700236785e-09,0.22792571111568166,0.7756805692866681
context,11115.44611912389,1,29,11115.44611912389,17.51183629314186,0.00024175653818812062,0.00024175653818812062,0.022971248882309052,1.0
task * context,11537.583257153738,5,145,2307.5166514307475,3.3625696374985057,0.006647405017431526,0.01489877338695963,0.023843640071670832,0.7318212251031236
