Source,SS,ddof1,ddof2,MS,F,p-unc,p-GG-corr,n2,eps
task,61241.53877759773,5,125,12248.307755519545,4.012598686853988,0.0020707137274202344,0.004456691661096439,0.08719990465091207,0.8097180063939823
context,15519.869897487955,1,25,15519.869897487955,9.314332707992902,0.005327943463100715,0.005327943463100715,0.022098255567519497,1.0
task * context,12379.355723739889,5,125,2475.8711447479777,1.6292269394809313,0.15703885992304556,0.18338011931442036,0.017626576018444466,0.6738943449475927
