,DC!=0,DE!=0,DE!=DC,predictable_task_switching!=0,n_back!=0,flanker!=0,shape_matching!=0,cued_task_switching!=0,directed_forgetting!=0,predictable_task_switching: DC!=0,predictable_task_switching: DE!=0,n_back: DC!=0,n_back: DE!=0,flanker: DC!=0,flanker: DE!=0,shape_matching: DC!=0,shape_matching: DE!=0,cued_task_switching: DC!=0,cued_task_switching: DE!=0,directed_forgetting: DC!=0,directed_forgetting: DE!=0,predictable_task_switching: DE!=DC,n_back: DE!=DC,flanker: DE!=DC,shape_matching: DE!=DC,cued_task_switching: DE!=DC,directed_forgetting: DE!=DC
mean,31.675157532662734,40.95395421436004,9.278796681697305,6.043010752688168,37.6803459937565,6.889784946236555,28.559139784946233,29.841397849462364,108.8736559139785,2.268817204301071,9.817204301075266,21.20685917447103,54.15383281304195,6.8333333333333295,6.946236559139782,27.623655913978492,29.494623655913973,26.478494623655912,33.204301075268816,105.63978494623657,112.10752688172043,7.548387096774194,32.94697363857093,0.11290322580645161,1.8709677419354838,6.725806451612903,6.467741935483871
t,4.451246957897809,5.055144239573012,2.2736870323492933,0.6723878034287764,4.136191424993898,1.0755748410079222,3.2283000377186224,2.9170118538617174,7.895318985584945,0.22563519472371957,1.0437059301775042,2.4068838213226154,4.210887984687854,0.9467873882224959,0.9383804794092455,3.101051091317326,3.066666831390175,2.28478740221249,3.012652949797164,6.934794342753308,7.247013721006048,1.0080408982617355,2.654220251103002,0.016024606875137976,0.3378838244973969,0.6976517885222346,0.4792907349198722
p,0.0001091185291829183,1.9937299678892022e-05,0.03030656624536064,0.5064829868011037,0.00026228788613951516,0.29069183794123266,0.003010458925753061,0.006633532614901682,8.222589535764611e-09,0.8230152737794599,0.3049592217127297,0.022451001400584234,0.0002132475062598073,0.3513114579479073,0.355542958311181,0.004173295306316369,0.004554524904289518,0.02956763174313674,0.00522097790567416,1.0584981889421688e-07,4.559519801742884e-08,0.3214966398034051,0.012594002576083852,0.9873208602708187,0.7378037931264789,0.49076708443616124,0.635207296202928
