,mean,t,p,d
directed_forgetting,37.06550753909726,3.7842890064871098,0.00011114192284628343,0.6198960923488447
n_back,25.510756019605914,2.604579836127634,0.005062102838821619,0.41009159309458243
cued_task_switching,15.670751703522187,1.5999417607454807,0.05585781768666605,0.28375261040672056
shape_matching,34.86844858195456,3.559975173758687,0.00024859283851338607,0.9142910291133697
n_back: DE > DC,5.142666788866366,0.2549772407416699,0.4004132837926314,0.050995448148333976
