,mean,t,p,d
directed_forgetting,70.56609195402298,7.0832815783197205,1.8421172551395463e-11,1.2874173693967463
n_back,30.150070996393307,3.0264031429277596,0.0014322875303574081,0.5425955133052973
cued_task_switching,16.841954022988507,1.6905612790866917,0.046387560266050565,0.2815969447487401
shape_matching,22.255747126436784,2.2339868804856557,0.01340173462157726,0.4671404636359597
n_back: DE > DC,33.326480179997986,2.3842668461419247,0.012064312309667466,0.4505840810077025
