,mean,t,p,d
directed_forgetting,35.38044468042966,5.085769486543756,3.164722041953188e-07,0.5755351437407246
n_back,29.38056620740313,4.223315689348619,1.5812637885100308e-05,0.5130823249683008
cued_task_switching,19.423687959678983,2.792062124536392,0.002780216266343454,0.35112334835994025
shape_matching,29.52598846679868,4.24421944271233,1.4481686707151657e-05,0.65798630393995
n_back: DE > DC,21.77886122660886,1.8103807983436995,0.03800819873858968,0.2510546460209092
