,mean,t,p,d
directed_forgetting,37.06550753909726,3.4656932714272486,0.00034496776380440997,0.6198960923488447
n_back,25.510756019605914,2.385302707454136,0.009156855837866617,0.41009159309458243
cued_task_switching,15.670751703522187,1.4652441675003884,0.07247362625980185,0.28375261040672056
shape_matching,34.86844858195456,3.260264209470746,0.0006887672351262041,0.9142910291133697
n_back: DE > DC,5.142666788866366,0.2549772407416699,0.4004132837926314,0.050995448148333976
