,mean,t,p,d
directed_forgetting,35.38044468042966,4.702174715342781,1.9350443486346268e-06,0.5755351437407246
n_back,29.38056620740313,3.9047715988522675,5.781507386020562e-05,0.5130823249683008
cued_task_switching,19.423687959678983,2.5814705051808113,0.005147052896421951,0.35112334835994025
shape_matching,29.52598846679868,3.9240986841208145,5.356666390627672e-05,0.65798630393995
n_back: DE > DC,21.77886122660886,1.8103807983436995,0.03800819873858968,0.2510546460209092
