,mean,t,p,d
directed_forgetting,61.50490196078431,6.303111060969773,4.425847140149266e-09,1.0618615255419044
n_back,32.12045382669197,3.2917504352332645,0.0006970088099493775,0.5625643934183875
cued_task_switching,21.813725490196077,2.2355020499972493,0.013850839511537627,0.33903328284018414
shape_matching,11.352941176470589,1.1634657860210404,0.12376212366629864,0.21892192975641422
n_back: DE > DC,32.441729917773564,1.9149801771721762,0.03677358910582541,0.47874504429304404
