,mean,t,p,d
directed_forgetting,36.95360405306064,3.467820829578405,0.0003424509560736189,0.5958006109596002
n_back,35.9661482757994,3.375155450911762,0.0004696586381765373,0.7102450844809599
cued_task_switching,23.176388192692535,2.174931614616288,0.015600996317981494,0.4122993506667331
shape_matching,21.346603674908444,2.003219950030051,0.023477479848081698,0.44076646747619763
n_back: DE > DC,39.17260181574697,2.8953026066529626,0.0038768963952019275,0.5790605213305925
