,mean,t,p,d
directed_forgetting,86.22727272727273,10.357896795833309,2.775844030954459e-15,1.7850740916465555
n_back,27.581386630231943,3.3131647002858298,0.0007834442043623254,0.49643393899801574
cued_task_switching,4.4545454545454595,0.5350942994157434,0.2972811792840061,0.08740023405334943
shape_matching,28.93939393939394,3.47629289756486,0.0004757089346037706,1.3454725095883022
n_back: DE > DC,29.858487736603582,1.1241272268693985,0.14360948231227985,0.355480241671613
