,mean,t,p,d
directed_forgetting,36.95360405306064,3.7866121477150037,0.00011019872441488819,0.5958006109596002
n_back,35.9661482757994,3.6854281864391325,0.0001591715760341173,0.7102450844809599
cued_task_switching,23.176388192692535,2.374869659386836,0.009409854092631606,0.4122993506667331
shape_matching,21.346603674908444,2.1873728113718665,0.01513190140372206,0.44076646747619763
n_back: DE > DC,39.17260181574697,2.8953026066529626,0.0038768963952019275,0.5790605213305925
