,mean,t,p,d
directed_forgetting,61.50490196078431,4.66765311547197,4.939733190086997e-06,1.0618615255419044
n_back,32.12045382669197,2.4376453192320553,0.008311870393593733,0.5625643934183875
cued_task_switching,21.813725490196077,1.6554599795847826,0.050548405521292944,0.33903328284018414
shape_matching,11.352941176470589,0.8615832163412037,0.19553194114488442,0.21892192975641422
n_back: DE > DC,32.441729917773564,1.9149801771721762,0.03677358910582541,0.47874504429304404
