,mean,t,p,d
directed_forgetting,86.22727272727273,10.357896795833305,2.775844030954479e-15,1.7850740916465555
n_back,27.581386630231943,3.3131647002858293,0.000783444204362327,0.49643393899801574
cued_task_switching,4.4545454545454595,0.5350942994157433,0.2972811792840061,0.08740023405334943
shape_matching,28.93939393939394,3.4762928975648593,0.00047570893460377147,1.3454725095883022
n_back: DE > DC,29.858487736603582,1.1241272268693985,0.14360948231227985,0.355480241671613
