,mean,t,p,d
directed_forgetting,70.56609195402298,10.35693742327824,4.732422781961258e-20,1.2874173693967463
n_back,30.150070996393307,4.425105457455329,8.641679838180926e-06,0.5425955133052973
cued_task_switching,16.841954022988507,2.4718821614135997,0.0072184111456247875,0.2815969447487401
shape_matching,22.255747126436784,3.266460900895467,0.0006601035557413518,0.4671404636359597
n_back: DE > DC,33.326480179997986,2.3842668461419247,0.012064312309667466,0.4505840810077025
