,mean,t,p,d
directed_forgetting,86.22727272727273,6.170027150994982,3.188785241493398e-08,1.7850740916465555
n_back,27.581386630231943,1.973597204087329,0.02651899491693571,0.49643393899801574
cued_task_switching,4.4545454545454595,0.318746790088302,0.3755127536731746,0.08740023405334943
shape_matching,28.93939393939394,2.070769962818558,0.02134524297509914,1.3454725095883022
n_back: DE > DC,29.858487736603582,1.1241272268693985,0.14360948231227985,0.355480241671613
