,mean,t,p,d
directed_forgetting,35.38044468042966,5.0857694865437555,3.1647220419532096e-07,0.5755351437407246
n_back,29.38056620740313,4.223315689348618,1.5812637885100424e-05,0.5130823249683008
cued_task_switching,19.423687959678983,2.7920621245363915,0.002780216266343457,0.35112334835994025
shape_matching,29.52598846679868,4.244219442712329,1.4481686707151657e-05,0.65798630393995
n_back: DE > DC,21.77886122660886,1.8103807983436995,0.03800819873858968,0.2510546460209092
